"kind","n","m","method","rep","exact_available","exact_certificate","certified_optimal","arithmetic","n_exact_untight","n_exact_violations","duality_gap","slack_rel","minrc_rel"
"integer",50,50,"jv",1,TRUE,TRUE,TRUE,"exact",0,0,0,0,0
"integer",50,50,"jv",2,TRUE,TRUE,TRUE,"exact",0,0,0,0,0
"integer",50,50,"jv",3,TRUE,TRUE,TRUE,"exact",0,0,0,0,0
"integer",50,50,"jv",4,TRUE,TRUE,TRUE,"exact",0,0,0,0,0
"integer",50,50,"jv",5,TRUE,TRUE,TRUE,"exact",0,0,0,0,0
"integer",50,50,"jv",6,TRUE,TRUE,TRUE,"exact",0,0,0,0,0
"integer",50,50,"jv",7,TRUE,TRUE,TRUE,"exact",0,0,0,0,0
"integer",50,50,"jv",8,TRUE,TRUE,TRUE,"exact",0,0,0,0,0
"integer",50,50,"jv",9,TRUE,TRUE,TRUE,"exact",0,0,0,0,0
"integer",50,50,"jv",10,TRUE,TRUE,TRUE,"exact",0,0,0,0,0
"uniform",50,50,"jv",1,TRUE,TRUE,TRUE,"exact",0,0,0,0,0
"uniform",50,50,"jv",2,TRUE,TRUE,TRUE,"exact",0,0,0,0,0
"uniform",50,50,"jv",3,TRUE,TRUE,TRUE,"exact",0,0,0,0,0
"uniform",50,50,"jv",4,TRUE,TRUE,TRUE,"exact",0,0,0,0,0
"uniform",50,50,"jv",5,TRUE,TRUE,TRUE,"exact",0,0,0,0,0
"uniform",50,50,"jv",6,TRUE,TRUE,TRUE,"exact",0,0,0,0,0
"uniform",50,50,"jv",7,TRUE,TRUE,TRUE,"exact",0,0,0,0,0
"uniform",50,50,"jv",8,TRUE,TRUE,TRUE,"exact",0,0,0,0,0
"uniform",50,50,"jv",9,TRUE,TRUE,TRUE,"exact",0,0,0,0,0
"uniform",50,50,"jv",10,TRUE,TRUE,TRUE,"exact",0,0,0,0,0
"distance",50,50,"jv",1,TRUE,TRUE,TRUE,"exact",4,5,0,7.16339652175526e-17,-7.16339652175526e-17
"distance",50,50,"jv",2,TRUE,TRUE,TRUE,"exact",12,12,0,1.17781280954216e-16,-1.57041707938955e-16
"distance",50,50,"jv",3,TRUE,TRUE,TRUE,"exact",15,14,0,1.55568690198496e-16,-1.55568690198496e-16
"distance",50,50,"jv",4,TRUE,TRUE,TRUE,"exact",19,20,-1.4210854715202e-14,7.61058357205645e-16,-7.61058357205645e-16
"distance",50,50,"jv",5,TRUE,TRUE,TRUE,"exact",14,15,0,2.23599881712873e-16,-1.49066587808582e-16
"distance",50,50,"jv",6,TRUE,TRUE,TRUE,"exact",10,12,0,1.49674769511799e-16,-1.49674769511799e-16
"distance",50,50,"jv",7,TRUE,TRUE,TRUE,"exact",25,28,0,5.60931141391370e-16,-2.9916327540873e-16
"distance",50,50,"jv",8,TRUE,TRUE,TRUE,"exact",9,6,0,7.58290615141143e-17,-1.51658123028229e-16
"distance",50,50,"jv",9,TRUE,TRUE,TRUE,"exact",8,8,0,7.48764292381059e-17,-7.48764292381059e-17
"distance",50,50,"jv",10,TRUE,TRUE,TRUE,"exact",31,30,0,6.06239181693238e-16,-6.06239181693238e-16
"integer",200,200,"jv",1,TRUE,TRUE,TRUE,"exact",0,0,0,0,0
"integer",200,200,"jv",2,TRUE,TRUE,TRUE,"exact",0,0,0,0,0
"integer",200,200,"jv",3,TRUE,TRUE,TRUE,"exact",0,0,0,0,0
"integer",200,200,"jv",4,TRUE,TRUE,TRUE,"exact",0,0,0,0,0
"integer",200,200,"jv",5,TRUE,TRUE,TRUE,"exact",0,0,0,0,0
"integer",200,200,"jv",6,TRUE,TRUE,TRUE,"exact",0,0,0,0,0
"integer",200,200,"jv",7,TRUE,TRUE,TRUE,"exact",0,0,0,0,0
"integer",200,200,"jv",8,TRUE,TRUE,TRUE,"exact",0,0,0,0,0
"integer",200,200,"jv",9,TRUE,TRUE,TRUE,"exact",0,0,0,0,0
"integer",200,200,"jv",10,TRUE,TRUE,TRUE,"exact",0,0,0,0,0
"uniform",200,200,"jv",1,TRUE,TRUE,TRUE,"exact",0,0,0,0,0
"uniform",200,200,"jv",2,TRUE,TRUE,TRUE,"exact",0,0,0,0,0
"uniform",200,200,"jv",3,TRUE,TRUE,TRUE,"exact",0,0,0,0,0
"uniform",200,200,"jv",4,TRUE,TRUE,TRUE,"exact",0,0,0,0,0
"uniform",200,200,"jv",5,TRUE,TRUE,TRUE,"exact",0,0,0,0,0
"uniform",200,200,"jv",6,TRUE,TRUE,TRUE,"exact",0,0,0,0,0
"uniform",200,200,"jv",7,TRUE,TRUE,TRUE,"exact",0,0,0,0,0
"uniform",200,200,"jv",8,TRUE,TRUE,TRUE,"exact",0,0,0,0,0
"uniform",200,200,"jv",9,TRUE,TRUE,TRUE,"exact",0,0,0,0,0
"uniform",200,200,"jv",10,TRUE,TRUE,TRUE,"exact",0,0,0,0,0
"distance",200,200,"jv",1,TRUE,TRUE,TRUE,"exact",63,49,0,7.98652419686905e-16,-4.5637281124966e-16
"distance",200,200,"jv",2,TRUE,TRUE,TRUE,"exact",122,89,0,3.79319181176584e-16,-2.65523426823609e-16
"distance",200,200,"jv",3,TRUE,TRUE,TRUE,"exact",149,104,5.6843418860808e-14,6.34248426249105e-16,-8.20792081028254e-16
"distance",200,200,"jv",4,TRUE,TRUE,TRUE,"exact",109,102,0,4.66007134631027e-16,-6.21342846174702e-16
"distance",200,200,"jv",5,TRUE,TRUE,TRUE,"exact",125,122,0,8.1573341364063e-16,-1.03820616281535e-15
"distance",200,200,"jv",6,TRUE,TRUE,TRUE,"exact",42,40,0,3.86579205498888e-16,-3.86579205498888e-16
"distance",200,200,"jv",7,TRUE,TRUE,TRUE,"exact",163,211,8.5265128291212e-14,1.66071461343208e-15,-1.29802981279749e-15
"distance",200,200,"jv",8,TRUE,TRUE,TRUE,"exact",168,105,2.8421709430404e-14,1.30064235069803e-15,-1.24568563165445e-15
"distance",200,200,"jv",9,TRUE,TRUE,TRUE,"exact",148,159,0,8.34303959514576e-16,-8.34303959514576e-16
"distance",200,200,"jv",10,TRUE,TRUE,TRUE,"exact",99,94,0,8.95949630480471e-16,-8.95949630480471e-16
"integer",800,800,"jv",1,TRUE,TRUE,TRUE,"exact",0,0,0,0,0
"integer",800,800,"jv",2,TRUE,TRUE,TRUE,"exact",0,0,0,0,0
"integer",800,800,"jv",3,TRUE,TRUE,TRUE,"exact",0,0,0,0,0
"integer",800,800,"jv",4,TRUE,TRUE,TRUE,"exact",0,0,0,0,0
"integer",800,800,"jv",5,TRUE,TRUE,TRUE,"exact",0,0,0,0,0
"integer",800,800,"jv",6,TRUE,TRUE,TRUE,"exact",0,0,0,0,0
"integer",800,800,"jv",7,TRUE,TRUE,TRUE,"exact",0,0,0,0,0
"integer",800,800,"jv",8,TRUE,TRUE,TRUE,"exact",0,0,0,0,0
"integer",800,800,"jv",9,TRUE,TRUE,TRUE,"exact",0,0,0,0,0
"integer",800,800,"jv",10,TRUE,TRUE,TRUE,"exact",0,0,0,0,0
"uniform",800,800,"jv",1,TRUE,TRUE,TRUE,"exact",0,0,0,0,0
"uniform",800,800,"jv",2,TRUE,TRUE,TRUE,"exact",0,0,0,0,0
"uniform",800,800,"jv",3,TRUE,TRUE,TRUE,"exact",0,0,0,0,0
"uniform",800,800,"jv",4,TRUE,TRUE,TRUE,"exact",0,0,0,0,0
"uniform",800,800,"jv",5,TRUE,TRUE,TRUE,"exact",0,0,0,0,0
"uniform",800,800,"jv",6,TRUE,TRUE,TRUE,"exact",0,0,0,0,0
"uniform",800,800,"jv",7,TRUE,TRUE,TRUE,"exact",0,0,0,0,0
"uniform",800,800,"jv",8,TRUE,TRUE,TRUE,"exact",0,0,0,0,0
"uniform",800,800,"jv",9,TRUE,TRUE,TRUE,"exact",0,0,0,0,0
"uniform",800,800,"jv",10,TRUE,TRUE,TRUE,"exact",0,0,0,0,0
"distance",800,800,"jv",1,TRUE,TRUE,TRUE,"exact",679,415,2.27373675443232e-13,5.70878656760782e-15,-5.70878656760782e-15
"distance",800,800,"jv",2,TRUE,TRUE,TRUE,"exact",708,441,1.13686837721616e-13,6.3739459695321e-15,-6.3739459695321e-15
"distance",800,800,"jv",3,TRUE,TRUE,TRUE,"exact",553,366,0,1.03952229880076e-14,-4.32501978333164e-15
"distance",800,800,"jv",4,TRUE,TRUE,TRUE,"exact",657,453,1.13686837721616e-13,5.43157725398684e-15,-5.43157725398684e-15
"distance",800,800,"jv",5,TRUE,TRUE,TRUE,"exact",699,542,-1.13686837721616e-13,6.78346798634332e-15,-3.87626742076761e-15
"distance",800,800,"jv",6,TRUE,TRUE,TRUE,"exact",625,724,1.13686837721616e-13,4.57570373375763e-15,-4.57570373375763e-15
"distance",800,800,"jv",7,TRUE,TRUE,TRUE,"exact",719,513,-1.13686837721616e-13,8.90450901381723e-15,-7.65656412568479e-15
"distance",800,800,"jv",8,TRUE,TRUE,TRUE,"exact",710,527,2.27373675443232e-13,6.19611293338008e-15,-4.74911649983623e-15
"distance",800,800,"jv",9,TRUE,TRUE,TRUE,"exact",495,398,1.13686837721616e-13,5.270670138271e-15,-3.28949625650956e-15
"distance",800,800,"jv",10,TRUE,TRUE,TRUE,"exact",546,337,2.27373675443232e-13,4.16868373887536e-15,-3.75557093592375e-15
"integer",200,600,"jv",1,TRUE,TRUE,TRUE,"exact",0,0,0,0,0
"integer",200,600,"jv",2,TRUE,TRUE,TRUE,"exact",0,0,0,0,0
"integer",200,600,"jv",3,TRUE,TRUE,TRUE,"exact",0,0,0,0,0
"integer",200,600,"jv",4,TRUE,TRUE,TRUE,"exact",0,0,0,0,0
"integer",200,600,"jv",5,TRUE,TRUE,TRUE,"exact",0,0,0,0,0
"integer",200,600,"jv",6,TRUE,TRUE,TRUE,"exact",0,0,0,0,0
"integer",200,600,"jv",7,TRUE,TRUE,TRUE,"exact",0,0,0,0,0
"integer",200,600,"jv",8,TRUE,TRUE,TRUE,"exact",0,0,0,0,0
"integer",200,600,"jv",9,TRUE,TRUE,TRUE,"exact",0,0,0,0,0
"integer",200,600,"jv",10,TRUE,TRUE,TRUE,"exact",0,0,0,0,0
"uniform",200,600,"jv",1,TRUE,TRUE,TRUE,"exact",0,0,0,0,0
"uniform",200,600,"jv",2,TRUE,TRUE,TRUE,"exact",0,0,0,0,0
"uniform",200,600,"jv",3,TRUE,TRUE,TRUE,"exact",0,0,0,0,0
"uniform",200,600,"jv",4,TRUE,TRUE,TRUE,"exact",0,0,0,0,0
"uniform",200,600,"jv",5,TRUE,TRUE,TRUE,"exact",0,0,0,0,0
"uniform",200,600,"jv",6,TRUE,TRUE,TRUE,"exact",0,0,0,0,0
"uniform",200,600,"jv",7,TRUE,TRUE,TRUE,"exact",0,0,0,0,0
"uniform",200,600,"jv",8,TRUE,TRUE,TRUE,"exact",0,0,0,0,0
"uniform",200,600,"jv",9,TRUE,TRUE,TRUE,"exact",0,0,0,0,0
"uniform",200,600,"jv",10,TRUE,TRUE,TRUE,"exact",0,0,0,0,0
"distance",200,600,"jv",1,TRUE,TRUE,TRUE,"exact",4,2,0,3.77432645948384e-17,-3.77432645948384e-17
"distance",200,600,"jv",2,TRUE,TRUE,TRUE,"exact",6,5,0,7.53319662083574e-17,-7.53319662083574e-17
"distance",200,600,"jv",3,TRUE,TRUE,TRUE,"exact",5,2,0,3.7119787724735e-17,-3.7119787724735e-17
"distance",200,600,"jv",4,TRUE,TRUE,TRUE,"exact",5,4,0,3.87633841354233e-17,-3.87633841354233e-17
"distance",200,600,"jv",5,TRUE,TRUE,TRUE,"exact",8,5,0,3.76559181611492e-17,-3.76559181611492e-17
"distance",200,600,"jv",6,TRUE,TRUE,TRUE,"exact",13,9,0,1.1384766562172e-16,-7.58984437478136e-17
"distance",200,600,"jv",7,TRUE,TRUE,TRUE,"exact",5,0,0,3.75717487656161e-17,0
"distance",200,600,"jv",8,TRUE,TRUE,TRUE,"exact",15,24,0,1.47416213600524e-16,-2.21124320400787e-16
"distance",200,600,"jv",9,TRUE,TRUE,TRUE,"exact",7,3,0,3.77509025019986e-17,-3.77509025019986e-17
"distance",200,600,"jv",10,TRUE,TRUE,TRUE,"exact",8,2,0,7.48542550515447e-17,-3.74271275257724e-17
"integer",200,200,"hungarian",1,TRUE,TRUE,TRUE,"exact",0,0,0,0,0
"integer",200,200,"hungarian",2,TRUE,TRUE,TRUE,"exact",0,0,0,0,0
"integer",200,200,"hungarian",3,TRUE,TRUE,TRUE,"exact",0,0,0,0,0
"integer",200,200,"hungarian",4,TRUE,TRUE,TRUE,"exact",0,0,0,0,0
"integer",200,200,"hungarian",5,TRUE,TRUE,TRUE,"exact",0,0,0,0,0
"integer",200,200,"hungarian",6,TRUE,TRUE,TRUE,"exact",0,0,0,0,0
"integer",200,200,"hungarian",7,TRUE,TRUE,TRUE,"exact",0,0,0,0,0
"integer",200,200,"hungarian",8,TRUE,TRUE,TRUE,"exact",0,0,0,0,0
"integer",200,200,"hungarian",9,TRUE,TRUE,TRUE,"exact",0,0,0,0,0
"integer",200,200,"hungarian",10,TRUE,TRUE,TRUE,"exact",0,0,0,0,0
"uniform",200,200,"hungarian",1,TRUE,TRUE,TRUE,"exact",0,0,0,0,0
"uniform",200,200,"hungarian",2,TRUE,TRUE,TRUE,"exact",0,0,0,0,0
"uniform",200,200,"hungarian",3,TRUE,TRUE,TRUE,"exact",0,0,0,0,0
"uniform",200,200,"hungarian",4,TRUE,TRUE,TRUE,"exact",0,0,0,0,0
"uniform",200,200,"hungarian",5,TRUE,TRUE,TRUE,"exact",0,0,0,0,0
"uniform",200,200,"hungarian",6,TRUE,TRUE,TRUE,"exact",0,0,0,0,0
"uniform",200,200,"hungarian",7,TRUE,TRUE,TRUE,"exact",0,0,0,0,0
"uniform",200,200,"hungarian",8,TRUE,TRUE,TRUE,"exact",0,0,0,0,0
"uniform",200,200,"hungarian",9,TRUE,TRUE,TRUE,"exact",0,0,0,0,0
"uniform",200,200,"hungarian",10,TRUE,TRUE,TRUE,"exact",0,0,0,0,0
"integer",200,200,"auction",1,TRUE,TRUE,TRUE,"exact",0,0,0,0,0
"integer",200,200,"auction",2,TRUE,TRUE,TRUE,"exact",0,0,0,0,0
"integer",200,200,"auction",3,TRUE,TRUE,TRUE,"exact",0,0,0,0,0
"integer",200,200,"auction",4,TRUE,TRUE,TRUE,"exact",0,0,0,0,0
"integer",200,200,"auction",5,TRUE,TRUE,TRUE,"exact",0,0,0,0,0
"integer",200,200,"auction",6,TRUE,TRUE,TRUE,"exact",0,0,0,0,0
"integer",200,200,"auction",7,TRUE,TRUE,TRUE,"exact",0,0,0,0,0
"integer",200,200,"auction",8,TRUE,TRUE,TRUE,"exact",0,0,0,0,0
"integer",200,200,"auction",9,TRUE,TRUE,TRUE,"exact",0,0,0,0,0
"integer",200,200,"auction",10,TRUE,TRUE,TRUE,"exact",0,0,0,0,0
"uniform",200,200,"auction",1,TRUE,TRUE,TRUE,"exact",0,0,0,0,0
"uniform",200,200,"auction",2,TRUE,TRUE,TRUE,"exact",0,0,0,0,0
"uniform",200,200,"auction",3,TRUE,TRUE,TRUE,"exact",0,0,0,0,0
"uniform",200,200,"auction",4,TRUE,TRUE,TRUE,"exact",0,0,0,0,0
"uniform",200,200,"auction",5,TRUE,TRUE,TRUE,"exact",0,0,0,0,0
"uniform",200,200,"auction",6,TRUE,TRUE,TRUE,"exact",0,0,0,0,0
"uniform",200,200,"auction",7,TRUE,TRUE,TRUE,"exact",0,0,0,0,0
"uniform",200,200,"auction",8,TRUE,TRUE,TRUE,"exact",0,0,0,0,0
"uniform",200,200,"auction",9,TRUE,TRUE,TRUE,"exact",0,0,0,0,0
"uniform",200,200,"auction",10,TRUE,TRUE,TRUE,"exact",0,0,0,0,0
"integer",200,200,"auction_scaled",1,TRUE,TRUE,TRUE,"exact",0,0,0,0,0
"integer",200,200,"auction_scaled",2,TRUE,TRUE,TRUE,"exact",0,0,0,0,0
"integer",200,200,"auction_scaled",3,TRUE,TRUE,TRUE,"exact",0,0,0,0,0
"integer",200,200,"auction_scaled",4,TRUE,TRUE,TRUE,"exact",0,0,0,0,0
"integer",200,200,"auction_scaled",5,TRUE,TRUE,TRUE,"exact",0,0,0,0,0
"integer",200,200,"auction_scaled",6,TRUE,TRUE,TRUE,"exact",0,0,0,0,0
"integer",200,200,"auction_scaled",7,TRUE,TRUE,TRUE,"exact",0,0,0,0,0
"integer",200,200,"auction_scaled",8,TRUE,TRUE,TRUE,"exact",0,0,0,0,0
"integer",200,200,"auction_scaled",9,TRUE,TRUE,TRUE,"exact",0,0,0,0,0
"integer",200,200,"auction_scaled",10,TRUE,TRUE,TRUE,"exact",0,0,0,0,0
"uniform",200,200,"auction_scaled",1,TRUE,TRUE,TRUE,"exact",0,0,0,0,0
"uniform",200,200,"auction_scaled",2,TRUE,TRUE,TRUE,"exact",0,0,0,0,0
"uniform",200,200,"auction_scaled",3,TRUE,TRUE,TRUE,"exact",0,0,0,0,0
"uniform",200,200,"auction_scaled",4,TRUE,TRUE,TRUE,"exact",0,0,0,0,0
"uniform",200,200,"auction_scaled",5,TRUE,TRUE,TRUE,"exact",0,0,0,0,0
"uniform",200,200,"auction_scaled",6,TRUE,TRUE,TRUE,"exact",0,0,0,0,0
"uniform",200,200,"auction_scaled",7,TRUE,TRUE,TRUE,"exact",0,0,0,0,0
"uniform",200,200,"auction_scaled",8,TRUE,TRUE,TRUE,"exact",0,0,0,0,0
"uniform",200,200,"auction_scaled",9,TRUE,TRUE,TRUE,"exact",0,0,0,0,0
"uniform",200,200,"auction_scaled",10,TRUE,TRUE,TRUE,"exact",0,0,0,0,0
"integer",200,200,"sap",1,TRUE,TRUE,TRUE,"exact",0,0,0,0,0
"integer",200,200,"sap",2,TRUE,TRUE,TRUE,"exact",0,0,0,0,0
"integer",200,200,"sap",3,TRUE,TRUE,TRUE,"exact",0,0,0,0,0
"integer",200,200,"sap",4,TRUE,TRUE,TRUE,"exact",0,0,0,0,0
"integer",200,200,"sap",5,TRUE,TRUE,TRUE,"exact",0,0,0,0,0
"integer",200,200,"sap",6,TRUE,TRUE,TRUE,"exact",0,0,0,0,0
"integer",200,200,"sap",7,TRUE,TRUE,TRUE,"exact",0,0,0,0,0
"integer",200,200,"sap",8,TRUE,TRUE,TRUE,"exact",0,0,0,0,0
"integer",200,200,"sap",9,TRUE,TRUE,TRUE,"exact",0,0,0,0,0
"integer",200,200,"sap",10,TRUE,TRUE,TRUE,"exact",0,0,0,0,0
"uniform",200,200,"sap",1,TRUE,TRUE,TRUE,"exact",0,0,0,0,0
"uniform",200,200,"sap",2,TRUE,TRUE,TRUE,"exact",0,0,0,0,0
"uniform",200,200,"sap",3,TRUE,TRUE,TRUE,"exact",0,0,0,0,0
"uniform",200,200,"sap",4,TRUE,TRUE,TRUE,"exact",0,0,0,0,0
"uniform",200,200,"sap",5,TRUE,TRUE,TRUE,"exact",0,0,0,0,0
"uniform",200,200,"sap",6,TRUE,TRUE,TRUE,"exact",0,0,0,0,0
"uniform",200,200,"sap",7,TRUE,TRUE,TRUE,"exact",0,0,0,0,0
"uniform",200,200,"sap",8,TRUE,TRUE,TRUE,"exact",0,0,0,0,0
"uniform",200,200,"sap",9,TRUE,TRUE,TRUE,"exact",0,0,0,0,0
"uniform",200,200,"sap",10,TRUE,TRUE,TRUE,"exact",0,0,0,0,0
"integer",200,200,"sap_dense",1,TRUE,TRUE,TRUE,"exact",0,0,0,0,0
"integer",200,200,"sap_dense",2,TRUE,TRUE,TRUE,"exact",0,0,0,0,0
"integer",200,200,"sap_dense",3,TRUE,TRUE,TRUE,"exact",0,0,0,0,0
"integer",200,200,"sap_dense",4,TRUE,TRUE,TRUE,"exact",0,0,0,0,0
"integer",200,200,"sap_dense",5,TRUE,TRUE,TRUE,"exact",0,0,0,0,0
"integer",200,200,"sap_dense",6,TRUE,TRUE,TRUE,"exact",0,0,0,0,0
"integer",200,200,"sap_dense",7,TRUE,TRUE,TRUE,"exact",0,0,0,0,0
"integer",200,200,"sap_dense",8,TRUE,TRUE,TRUE,"exact",0,0,0,0,0
"integer",200,200,"sap_dense",9,TRUE,TRUE,TRUE,"exact",0,0,0,0,0
"integer",200,200,"sap_dense",10,TRUE,TRUE,TRUE,"exact",0,0,0,0,0
"uniform",200,200,"sap_dense",1,TRUE,TRUE,TRUE,"exact",0,0,0,0,0
"uniform",200,200,"sap_dense",2,TRUE,TRUE,TRUE,"exact",0,0,0,0,0
"uniform",200,200,"sap_dense",3,TRUE,TRUE,TRUE,"exact",0,0,0,0,0
"uniform",200,200,"sap_dense",4,TRUE,TRUE,TRUE,"exact",0,0,0,0,0
"uniform",200,200,"sap_dense",5,TRUE,TRUE,TRUE,"exact",0,0,0,0,0
"uniform",200,200,"sap_dense",6,TRUE,TRUE,TRUE,"exact",0,0,0,0,0
"uniform",200,200,"sap_dense",7,TRUE,TRUE,TRUE,"exact",0,0,0,0,0
"uniform",200,200,"sap_dense",8,TRUE,TRUE,TRUE,"exact",0,0,0,0,0
"uniform",200,200,"sap_dense",9,TRUE,TRUE,TRUE,"exact",0,0,0,0,0
"uniform",200,200,"sap_dense",10,TRUE,TRUE,TRUE,"exact",0,0,0,0,0
"integer",200,200,"csa",1,TRUE,TRUE,TRUE,"exact",0,0,0,0,0
"integer",200,200,"csa",2,TRUE,TRUE,TRUE,"exact",0,0,0,0,0
"integer",200,200,"csa",3,TRUE,TRUE,TRUE,"exact",0,0,0,0,0
"integer",200,200,"csa",4,TRUE,TRUE,TRUE,"exact",0,0,0,0,0
"integer",200,200,"csa",5,TRUE,TRUE,TRUE,"exact",0,0,0,0,0
"integer",200,200,"csa",6,TRUE,TRUE,TRUE,"exact",0,0,0,0,0
"integer",200,200,"csa",7,TRUE,TRUE,TRUE,"exact",0,0,0,0,0
"integer",200,200,"csa",8,TRUE,TRUE,TRUE,"exact",0,0,0,0,0
"integer",200,200,"csa",9,TRUE,TRUE,TRUE,"exact",0,0,0,0,0
"integer",200,200,"csa",10,TRUE,TRUE,TRUE,"exact",0,0,0,0,0
"uniform",200,200,"csa",1,TRUE,TRUE,TRUE,"exact",0,0,0,0,0
"uniform",200,200,"csa",2,TRUE,TRUE,TRUE,"exact",0,0,0,0,0
"uniform",200,200,"csa",3,TRUE,TRUE,TRUE,"exact",0,0,0,0,0
"uniform",200,200,"csa",4,TRUE,TRUE,TRUE,"exact",0,0,0,0,0
"uniform",200,200,"csa",5,TRUE,TRUE,TRUE,"exact",0,0,0,0,0
"uniform",200,200,"csa",6,TRUE,TRUE,TRUE,"exact",0,0,0,0,0
"uniform",200,200,"csa",7,TRUE,TRUE,TRUE,"exact",0,0,0,0,0
"uniform",200,200,"csa",8,TRUE,TRUE,TRUE,"exact",0,0,0,0,0
"uniform",200,200,"csa",9,TRUE,TRUE,TRUE,"exact",0,0,0,0,0
"uniform",200,200,"csa",10,TRUE,TRUE,TRUE,"exact",0,0,0,0,0
"integer",200,200,"gabow_tarjan",1,TRUE,TRUE,TRUE,"exact",0,0,0,0,0
"integer",200,200,"gabow_tarjan",2,TRUE,TRUE,TRUE,"exact",0,0,0,0,0
"integer",200,200,"gabow_tarjan",3,TRUE,TRUE,TRUE,"exact",0,0,0,0,0
"integer",200,200,"gabow_tarjan",4,TRUE,TRUE,TRUE,"exact",0,0,0,0,0
"integer",200,200,"gabow_tarjan",5,TRUE,TRUE,TRUE,"exact",0,0,0,0,0
"integer",200,200,"gabow_tarjan",6,TRUE,TRUE,TRUE,"exact",0,0,0,0,0
"integer",200,200,"gabow_tarjan",7,TRUE,TRUE,TRUE,"exact",0,0,0,0,0
"integer",200,200,"gabow_tarjan",8,TRUE,TRUE,TRUE,"exact",0,0,0,0,0
"integer",200,200,"gabow_tarjan",9,TRUE,TRUE,TRUE,"exact",0,0,0,0,0
"integer",200,200,"gabow_tarjan",10,TRUE,TRUE,TRUE,"exact",0,0,0,0,0
"uniform",200,200,"gabow_tarjan",1,TRUE,TRUE,TRUE,"exact",0,0,0,0,0
"uniform",200,200,"gabow_tarjan",2,TRUE,TRUE,TRUE,"exact",0,0,0,0,0
"uniform",200,200,"gabow_tarjan",3,TRUE,TRUE,TRUE,"exact",0,0,0,0,0
"uniform",200,200,"gabow_tarjan",4,TRUE,TRUE,TRUE,"exact",0,0,0,0,0
"uniform",200,200,"gabow_tarjan",5,TRUE,TRUE,TRUE,"exact",0,0,0,0,0
"uniform",200,200,"gabow_tarjan",6,TRUE,TRUE,TRUE,"exact",0,0,0,0,0
"uniform",200,200,"gabow_tarjan",7,TRUE,TRUE,TRUE,"exact",0,0,0,0,0
"uniform",200,200,"gabow_tarjan",8,TRUE,TRUE,TRUE,"exact",0,0,0,0,0
"uniform",200,200,"gabow_tarjan",9,TRUE,TRUE,TRUE,"exact",0,0,0,0,0
"uniform",200,200,"gabow_tarjan",10,TRUE,TRUE,TRUE,"exact",0,0,0,0,0
"integer",200,200,"lapmod",1,TRUE,TRUE,TRUE,"exact",0,0,0,0,0
"integer",200,200,"lapmod",2,TRUE,TRUE,TRUE,"exact",0,0,0,0,0
"integer",200,200,"lapmod",3,TRUE,TRUE,TRUE,"exact",0,0,0,0,0
"integer",200,200,"lapmod",4,TRUE,TRUE,TRUE,"exact",0,0,0,0,0
"integer",200,200,"lapmod",5,TRUE,TRUE,TRUE,"exact",0,0,0,0,0
"integer",200,200,"lapmod",6,TRUE,TRUE,TRUE,"exact",0,0,0,0,0
"integer",200,200,"lapmod",7,TRUE,TRUE,TRUE,"exact",0,0,0,0,0
"integer",200,200,"lapmod",8,TRUE,TRUE,TRUE,"exact",0,0,0,0,0
"integer",200,200,"lapmod",9,TRUE,TRUE,TRUE,"exact",0,0,0,0,0
"integer",200,200,"lapmod",10,TRUE,TRUE,TRUE,"exact",0,0,0,0,0
"uniform",200,200,"lapmod",1,TRUE,TRUE,TRUE,"exact",0,0,0,0,0
"uniform",200,200,"lapmod",2,TRUE,TRUE,TRUE,"exact",0,0,0,0,0
"uniform",200,200,"lapmod",3,TRUE,TRUE,TRUE,"exact",0,0,0,0,0
"uniform",200,200,"lapmod",4,TRUE,TRUE,TRUE,"exact",0,0,0,0,0
"uniform",200,200,"lapmod",5,TRUE,TRUE,TRUE,"exact",0,0,0,0,0
"uniform",200,200,"lapmod",6,TRUE,TRUE,TRUE,"exact",0,0,0,0,0
"uniform",200,200,"lapmod",7,TRUE,TRUE,TRUE,"exact",0,0,0,0,0
"uniform",200,200,"lapmod",8,TRUE,TRUE,TRUE,"exact",0,0,0,0,0
"uniform",200,200,"lapmod",9,TRUE,TRUE,TRUE,"exact",0,0,0,0,0
"uniform",200,200,"lapmod",10,TRUE,TRUE,TRUE,"exact",0,0,0,0,0
"integer",200,200,"push_relabel",1,TRUE,TRUE,TRUE,"exact",0,0,0,0,0
"integer",200,200,"push_relabel",2,TRUE,TRUE,TRUE,"exact",0,0,0,0,0
"integer",200,200,"push_relabel",3,TRUE,TRUE,TRUE,"exact",0,0,0,0,0
"integer",200,200,"push_relabel",4,TRUE,TRUE,TRUE,"exact",0,0,0,0,0
"integer",200,200,"push_relabel",5,TRUE,TRUE,TRUE,"exact",0,0,0,0,0
"integer",200,200,"push_relabel",6,TRUE,TRUE,TRUE,"exact",0,0,0,0,0
"integer",200,200,"push_relabel",7,TRUE,TRUE,TRUE,"exact",0,0,0,0,0
"integer",200,200,"push_relabel",8,TRUE,TRUE,TRUE,"exact",0,0,0,0,0
"integer",200,200,"push_relabel",9,TRUE,TRUE,TRUE,"exact",0,0,0,0,0
"integer",200,200,"push_relabel",10,TRUE,TRUE,TRUE,"exact",0,0,0,0,0
"uniform",200,200,"push_relabel",1,TRUE,TRUE,TRUE,"exact",0,0,0,0,0
"uniform",200,200,"push_relabel",2,TRUE,TRUE,TRUE,"exact",0,0,0,0,0
"uniform",200,200,"push_relabel",3,TRUE,TRUE,TRUE,"exact",0,0,0,0,0
"uniform",200,200,"push_relabel",4,TRUE,TRUE,TRUE,"exact",0,0,0,0,0
"uniform",200,200,"push_relabel",5,TRUE,TRUE,TRUE,"exact",0,0,0,0,0
"uniform",200,200,"push_relabel",6,TRUE,TRUE,TRUE,"exact",0,0,0,0,0
"uniform",200,200,"push_relabel",7,TRUE,TRUE,TRUE,"exact",0,0,0,0,0
"uniform",200,200,"push_relabel",8,TRUE,TRUE,TRUE,"exact",0,0,0,0,0
"uniform",200,200,"push_relabel",9,TRUE,TRUE,TRUE,"exact",0,0,0,0,0
"uniform",200,200,"push_relabel",10,TRUE,TRUE,TRUE,"exact",0,0,0,0,0
"integer",200,200,"network_simplex",1,TRUE,TRUE,TRUE,"exact",0,0,0,0,0
"integer",200,200,"network_simplex",2,TRUE,TRUE,TRUE,"exact",0,0,0,0,0
"integer",200,200,"network_simplex",3,TRUE,TRUE,TRUE,"exact",0,0,0,0,0
"integer",200,200,"network_simplex",4,TRUE,TRUE,TRUE,"exact",0,0,0,0,0
"integer",200,200,"network_simplex",5,TRUE,TRUE,TRUE,"exact",0,0,0,0,0
"integer",200,200,"network_simplex",6,TRUE,TRUE,TRUE,"exact",0,0,0,0,0
"integer",200,200,"network_simplex",7,TRUE,TRUE,TRUE,"exact",0,0,0,0,0
"integer",200,200,"network_simplex",8,TRUE,TRUE,TRUE,"exact",0,0,0,0,0
"integer",200,200,"network_simplex",9,TRUE,TRUE,TRUE,"exact",0,0,0,0,0
"integer",200,200,"network_simplex",10,TRUE,TRUE,TRUE,"exact",0,0,0,0,0
"uniform",200,200,"network_simplex",1,TRUE,TRUE,TRUE,"exact",0,0,0,0,0
"uniform",200,200,"network_simplex",2,TRUE,TRUE,TRUE,"exact",0,0,0,0,0
"uniform",200,200,"network_simplex",3,TRUE,TRUE,TRUE,"exact",0,0,0,0,0
"uniform",200,200,"network_simplex",4,TRUE,TRUE,TRUE,"exact",0,0,0,0,0
"uniform",200,200,"network_simplex",5,TRUE,TRUE,TRUE,"exact",0,0,0,0,0
"uniform",200,200,"network_simplex",6,TRUE,TRUE,TRUE,"exact",0,0,0,0,0
"uniform",200,200,"network_simplex",7,TRUE,TRUE,TRUE,"exact",0,0,0,0,0
"uniform",200,200,"network_simplex",8,TRUE,TRUE,TRUE,"exact",0,0,0,0,0
"uniform",200,200,"network_simplex",9,TRUE,TRUE,TRUE,"exact",0,0,0,0,0
"uniform",200,200,"network_simplex",10,TRUE,TRUE,TRUE,"exact",0,0,0,0,0
