"kind","n","m","method","instances","exact_available","exact_certificate","certified_optimal","slack_rel_min","slack_rel_max"
"distance",50,50,"jv",10,10,10,10,NA,NA
"distance",200,200,"jv",10,10,10,10,NA,NA
"distance",200,600,"jv",10,10,10,10,NA,NA
"distance",800,800,"jv",10,10,10,10,NA,NA
"integer",50,50,"jv",10,10,10,10,NA,NA
"integer",200,200,"jv",10,10,10,10,NA,NA
"integer",200,600,"jv",10,10,10,10,NA,NA
"integer",800,800,"jv",10,10,10,10,NA,NA
"uniform",50,50,"jv",10,10,10,10,NA,NA
"uniform",200,200,"jv",10,10,10,10,NA,NA
"uniform",200,600,"jv",10,10,10,10,NA,NA
"uniform",800,800,"jv",10,10,10,10,NA,NA
"integer",200,200,"auction",10,10,10,10,NA,NA
"uniform",200,200,"auction",10,10,10,10,NA,NA
"integer",200,200,"auction_scaled",10,10,10,10,NA,NA
"uniform",200,200,"auction_scaled",10,10,10,10,NA,NA
"integer",200,200,"csa",10,10,10,10,NA,NA
"uniform",200,200,"csa",10,10,10,10,NA,NA
"integer",200,200,"gabow_tarjan",10,10,10,10,NA,NA
"uniform",200,200,"gabow_tarjan",10,10,10,10,NA,NA
"integer",200,200,"hungarian",10,10,10,10,NA,NA
"uniform",200,200,"hungarian",10,10,10,10,NA,NA
"integer",200,200,"lapmod",10,10,10,10,NA,NA
"uniform",200,200,"lapmod",10,10,10,10,NA,NA
"integer",200,200,"network_simplex",10,10,10,10,NA,NA
"uniform",200,200,"network_simplex",10,10,10,10,NA,NA
"integer",200,200,"push_relabel",10,10,10,10,NA,NA
"uniform",200,200,"push_relabel",10,10,10,10,NA,NA
"integer",200,200,"sap",10,10,10,10,NA,NA
"uniform",200,200,"sap",10,10,10,10,NA,NA
"integer",200,200,"sap_dense",10,10,10,10,NA,NA
"uniform",200,200,"sap_dense",10,10,10,10,NA,NA
