"kind","n","m","seed","tool","total","rel_diff","certified","arithmetic","max_subopt"
"integer",100,100,1,"couplr",14963,0,TRUE,"exact",0
"integer",100,100,1,"clue",14963,0,TRUE,"exact",0
"integer",100,100,1,"lpSolve",14963,0,TRUE,"exact",0
"integer",100,100,1,"optmatch",14963,0,TRUE,"exact",0
"integer",100,100,1,"scipy",14963,0,TRUE,"exact",0
"integer",100,100,2,"couplr",13869,0,TRUE,"exact",0
"integer",100,100,2,"clue",13869,0,TRUE,"exact",0
"integer",100,100,2,"lpSolve",13869,0,TRUE,"exact",0
"integer",100,100,2,"optmatch",13869,0,TRUE,"exact",0
"integer",100,100,2,"scipy",13869,0,TRUE,"exact",0
"integer",100,100,3,"couplr",15875,0,TRUE,"exact",0
"integer",100,100,3,"clue",15875,0,TRUE,"exact",0
"integer",100,100,3,"lpSolve",15875,0,TRUE,"exact",0
"integer",100,100,3,"optmatch",15875,0,TRUE,"exact",0
"integer",100,100,3,"scipy",15875,0,TRUE,"exact",0
"integer",100,100,4,"couplr",16249,0,TRUE,"exact",0
"integer",100,100,4,"clue",16249,0,TRUE,"exact",0
"integer",100,100,4,"lpSolve",16249,0,TRUE,"exact",0
"integer",100,100,4,"optmatch",16249,0,TRUE,"exact",0
"integer",100,100,4,"scipy",16249,0,TRUE,"exact",0
"integer",100,100,5,"couplr",15452,0,TRUE,"exact",0
"integer",100,100,5,"clue",15452,0,TRUE,"exact",0
"integer",100,100,5,"lpSolve",15452,0,TRUE,"exact",0
"integer",100,100,5,"optmatch",15452,0,TRUE,"exact",0
"integer",100,100,5,"scipy",15452,0,TRUE,"exact",0
"integer",100,100,6,"couplr",15461,0,TRUE,"exact",0
"integer",100,100,6,"clue",15461,0,TRUE,"exact",0
"integer",100,100,6,"lpSolve",15461,0,TRUE,"exact",0
"integer",100,100,6,"optmatch",15461,0,TRUE,"exact",0
"integer",100,100,6,"scipy",15461,0,TRUE,"exact",0
"integer",100,100,7,"couplr",14628,0,TRUE,"exact",0
"integer",100,100,7,"clue",14628,0,TRUE,"exact",0
"integer",100,100,7,"lpSolve",14628,0,TRUE,"exact",0
"integer",100,100,7,"optmatch",14628,0,TRUE,"exact",0
"integer",100,100,7,"scipy",14628,0,TRUE,"exact",0
"integer",100,100,8,"couplr",16435,0,TRUE,"exact",0
"integer",100,100,8,"clue",16435,0,TRUE,"exact",0
"integer",100,100,8,"lpSolve",16435,0,TRUE,"exact",0
"integer",100,100,8,"optmatch",16435,0,TRUE,"exact",0
"integer",100,100,8,"scipy",16435,0,TRUE,"exact",0
"integer",100,100,9,"couplr",13918,0,TRUE,"exact",0
"integer",100,100,9,"clue",13918,0,TRUE,"exact",0
"integer",100,100,9,"lpSolve",13918,0,TRUE,"exact",0
"integer",100,100,9,"optmatch",13918,0,TRUE,"exact",0
"integer",100,100,9,"scipy",13918,0,TRUE,"exact",0
"integer",100,100,10,"couplr",14563,0,TRUE,"exact",0
"integer",100,100,10,"clue",14563,0,TRUE,"exact",0
"integer",100,100,10,"lpSolve",14563,0,TRUE,"exact",0
"integer",100,100,10,"optmatch",14563,0,TRUE,"exact",0
"integer",100,100,10,"scipy",14563,0,TRUE,"exact",0
"integer",400,400,1,"couplr",16057,0,TRUE,"exact",0
"integer",400,400,1,"clue",16057,0,TRUE,"exact",0
"integer",400,400,1,"lpSolve",16057,0,TRUE,"exact",0
"integer",400,400,1,"optmatch",16057,0,TRUE,"exact",0
"integer",400,400,1,"scipy",16057,0,TRUE,"exact",0
"integer",400,400,2,"couplr",17195,0,TRUE,"exact",0
"integer",400,400,2,"clue",17195,0,TRUE,"exact",0
"integer",400,400,2,"lpSolve",17195,0,TRUE,"exact",0
"integer",400,400,2,"optmatch",17195,0,TRUE,"exact",0
"integer",400,400,2,"scipy",17195,0,TRUE,"exact",0
"integer",400,400,3,"couplr",16442,0,TRUE,"exact",0
"integer",400,400,3,"clue",16442,0,TRUE,"exact",0
"integer",400,400,3,"lpSolve",16442,0,TRUE,"exact",0
"integer",400,400,3,"optmatch",16442,0,TRUE,"exact",0
"integer",400,400,3,"scipy",16442,0,TRUE,"exact",0
"integer",400,400,4,"couplr",17731,0,TRUE,"exact",0
"integer",400,400,4,"clue",17731,0,TRUE,"exact",0
"integer",400,400,4,"lpSolve",17731,0,TRUE,"exact",0
"integer",400,400,4,"optmatch",17731,0,TRUE,"exact",0
"integer",400,400,4,"scipy",17731,0,TRUE,"exact",0
"integer",400,400,5,"couplr",17060,0,TRUE,"exact",0
"integer",400,400,5,"clue",17060,0,TRUE,"exact",0
"integer",400,400,5,"lpSolve",17060,0,TRUE,"exact",0
"integer",400,400,5,"optmatch",17060,0,TRUE,"exact",0
"integer",400,400,5,"scipy",17060,0,TRUE,"exact",0
"integer",400,400,6,"couplr",15586,0,TRUE,"exact",0
"integer",400,400,6,"clue",15586,0,TRUE,"exact",0
"integer",400,400,6,"lpSolve",15586,0,TRUE,"exact",0
"integer",400,400,6,"optmatch",15586,0,TRUE,"exact",0
"integer",400,400,6,"scipy",15586,0,TRUE,"exact",0
"integer",400,400,7,"couplr",16749,0,TRUE,"exact",0
"integer",400,400,7,"clue",16749,0,TRUE,"exact",0
"integer",400,400,7,"lpSolve",16749,0,TRUE,"exact",0
"integer",400,400,7,"optmatch",16749,0,TRUE,"exact",0
"integer",400,400,7,"scipy",16749,0,TRUE,"exact",0
"integer",400,400,8,"couplr",16554,0,TRUE,"exact",0
"integer",400,400,8,"clue",16554,0,TRUE,"exact",0
"integer",400,400,8,"lpSolve",16554,0,TRUE,"exact",0
"integer",400,400,8,"optmatch",16554,0,TRUE,"exact",0
"integer",400,400,8,"scipy",16554,0,TRUE,"exact",0
"integer",400,400,9,"couplr",15416,0,TRUE,"exact",0
"integer",400,400,9,"clue",15416,0,TRUE,"exact",0
"integer",400,400,9,"lpSolve",15416,0,TRUE,"exact",0
"integer",400,400,9,"optmatch",15416,0,TRUE,"exact",0
"integer",400,400,9,"scipy",15416,0,TRUE,"exact",0
"integer",400,400,10,"couplr",16703,0,TRUE,"exact",0
"integer",400,400,10,"clue",16703,0,TRUE,"exact",0
"integer",400,400,10,"lpSolve",16703,0,TRUE,"exact",0
"integer",400,400,10,"optmatch",16703,0,TRUE,"exact",0
"integer",400,400,10,"scipy",16703,0,TRUE,"exact",0
"integer",1000,1000,1,"couplr",16592,0,TRUE,"exact",0
"integer",1000,1000,1,"clue",16592,0,TRUE,"exact",0
"integer",1000,1000,1,"optmatch",16592,0,TRUE,"exact",0
"integer",1000,1000,1,"scipy",16592,0,TRUE,"exact",0
"integer",1000,1000,2,"couplr",16776,0,TRUE,"exact",0
"integer",1000,1000,2,"clue",16776,0,TRUE,"exact",0
"integer",1000,1000,2,"optmatch",16776,0,TRUE,"exact",0
"integer",1000,1000,2,"scipy",16776,0,TRUE,"exact",0
"integer",1000,1000,3,"couplr",16735,0,TRUE,"exact",0
"integer",1000,1000,3,"clue",16735,0,TRUE,"exact",0
"integer",1000,1000,3,"optmatch",16735,0,TRUE,"exact",0
"integer",1000,1000,3,"scipy",16735,0,TRUE,"exact",0
"integer",1000,1000,4,"couplr",17464,0,TRUE,"exact",0
"integer",1000,1000,4,"clue",17464,0,TRUE,"exact",0
"integer",1000,1000,4,"optmatch",17464,0,TRUE,"exact",0
"integer",1000,1000,4,"scipy",17464,0,TRUE,"exact",0
"integer",1000,1000,5,"couplr",16336,0,TRUE,"exact",0
"integer",1000,1000,5,"clue",16336,0,TRUE,"exact",0
"integer",1000,1000,5,"optmatch",16336,0,TRUE,"exact",0
"integer",1000,1000,5,"scipy",16336,0,TRUE,"exact",0
"integer",1000,1000,6,"couplr",17074,0,TRUE,"exact",0
"integer",1000,1000,6,"clue",17074,0,TRUE,"exact",0
"integer",1000,1000,6,"optmatch",17074,0,TRUE,"exact",0
"integer",1000,1000,6,"scipy",17074,0,TRUE,"exact",0
"integer",1000,1000,7,"couplr",16861,0,TRUE,"exact",0
"integer",1000,1000,7,"clue",16861,0,TRUE,"exact",0
"integer",1000,1000,7,"optmatch",16861,0,TRUE,"exact",0
"integer",1000,1000,7,"scipy",16861,0,TRUE,"exact",0
"integer",1000,1000,8,"couplr",16833,0,TRUE,"exact",0
"integer",1000,1000,8,"clue",16833,0,TRUE,"exact",0
"integer",1000,1000,8,"optmatch",16833,0,TRUE,"exact",0
"integer",1000,1000,8,"scipy",16833,0,TRUE,"exact",0
"integer",1000,1000,9,"couplr",17470,0,TRUE,"exact",0
"integer",1000,1000,9,"clue",17470,0,TRUE,"exact",0
"integer",1000,1000,9,"optmatch",17470,0,TRUE,"exact",0
"integer",1000,1000,9,"scipy",17470,0,TRUE,"exact",0
"integer",1000,1000,10,"couplr",16871,0,TRUE,"exact",0
"integer",1000,1000,10,"clue",16871,0,TRUE,"exact",0
"integer",1000,1000,10,"optmatch",16871,0,TRUE,"exact",0
"integer",1000,1000,10,"scipy",16871,0,TRUE,"exact",0
"integer",200,600,1,"couplr",3611,0,TRUE,"exact",0
"integer",200,600,1,"clue",3611,0,TRUE,"exact",0
"integer",200,600,1,"optmatch",3611,0,TRUE,"exact",0
"integer",200,600,1,"scipy",3611,0,TRUE,"exact",0
"integer",200,600,2,"couplr",3638,0,TRUE,"exact",0
"integer",200,600,2,"clue",3638,0,TRUE,"exact",0
"integer",200,600,2,"optmatch",3638,0,TRUE,"exact",0
"integer",200,600,2,"scipy",3638,0,TRUE,"exact",0
"integer",200,600,3,"couplr",3730,0,TRUE,"exact",0
"integer",200,600,3,"clue",3730,0,TRUE,"exact",0
"integer",200,600,3,"optmatch",3730,0,TRUE,"exact",0
"integer",200,600,3,"scipy",3730,0,TRUE,"exact",0
"integer",200,600,4,"couplr",4321,0,TRUE,"exact",0
"integer",200,600,4,"clue",4321,0,TRUE,"exact",0
"integer",200,600,4,"optmatch",4321,0,TRUE,"exact",0
"integer",200,600,4,"scipy",4321,0,TRUE,"exact",0
"integer",200,600,5,"couplr",3733,0,TRUE,"exact",0
"integer",200,600,5,"clue",3733,0,TRUE,"exact",0
"integer",200,600,5,"optmatch",3733,0,TRUE,"exact",0
"integer",200,600,5,"scipy",3733,0,TRUE,"exact",0
"integer",200,600,6,"couplr",3553,0,TRUE,"exact",0
"integer",200,600,6,"clue",3553,0,TRUE,"exact",0
"integer",200,600,6,"optmatch",3553,0,TRUE,"exact",0
"integer",200,600,6,"scipy",3553,0,TRUE,"exact",0
"integer",200,600,7,"couplr",3890,0,TRUE,"exact",0
"integer",200,600,7,"clue",3890,0,TRUE,"exact",0
"integer",200,600,7,"optmatch",3890,0,TRUE,"exact",0
"integer",200,600,7,"scipy",3890,0,TRUE,"exact",0
"integer",200,600,8,"couplr",3496,0,TRUE,"exact",0
"integer",200,600,8,"clue",3496,0,TRUE,"exact",0
"integer",200,600,8,"optmatch",3496,0,TRUE,"exact",0
"integer",200,600,8,"scipy",3496,0,TRUE,"exact",0
"integer",200,600,9,"couplr",3541,0,TRUE,"exact",0
"integer",200,600,9,"clue",3541,0,TRUE,"exact",0
"integer",200,600,9,"optmatch",3541,0,TRUE,"exact",0
"integer",200,600,9,"scipy",3541,0,TRUE,"exact",0
"integer",200,600,10,"couplr",4045,0,TRUE,"exact",0
"integer",200,600,10,"clue",4045,0,TRUE,"exact",0
"integer",200,600,10,"optmatch",4045,0,TRUE,"exact",0
"integer",200,600,10,"scipy",4045,0,TRUE,"exact",0
"uniform",100,100,1,"couplr",1.62889498681761,0,TRUE,"exact",0
"uniform",100,100,1,"clue",1.62889498681761,0,TRUE,"exact",0
"uniform",100,100,1,"lpSolve",1.62889498681761,0,TRUE,"exact",0
"uniform",100,100,1,"optmatch",1.62956455419771,0.000411056197925091,FALSE,"double",0.000669567380101554
"uniform",100,100,1,"scipy",1.62889498681761,0,TRUE,"exact",0
"uniform",100,100,2,"couplr",1.52952020708472,0,TRUE,"exact",0
"uniform",100,100,2,"clue",1.52952020708472,0,TRUE,"exact",0
"uniform",100,100,2,"lpSolve",1.52952020708472,0,TRUE,"exact",0
"uniform",100,100,2,"optmatch",1.52952020708472,0,TRUE,"exact",0
"uniform",100,100,2,"scipy",1.52952020708472,0,TRUE,"exact",0
"uniform",100,100,3,"couplr",1.35300339292735,0,TRUE,"exact",0
"uniform",100,100,3,"clue",1.35300339292735,0,TRUE,"exact",0
"uniform",100,100,3,"lpSolve",1.35300339292735,0,TRUE,"exact",0
"uniform",100,100,3,"optmatch",1.35328912455589,0.000211183231343545,FALSE,"double",0.000285731628538384
"uniform",100,100,3,"scipy",1.35300339292735,0,TRUE,"exact",0
"uniform",100,100,4,"couplr",1.59489435818978,0,TRUE,"exact",0
"uniform",100,100,4,"clue",1.59489435818978,0,TRUE,"exact",0
"uniform",100,100,4,"lpSolve",1.59489435818978,0,TRUE,"exact",0
"uniform",100,100,4,"optmatch",1.59489435818978,0,TRUE,"exact",0
"uniform",100,100,4,"scipy",1.59489435818978,0,TRUE,"exact",0
"uniform",100,100,5,"couplr",1.72347424947657,0,TRUE,"exact",0
"uniform",100,100,5,"clue",1.72347424947657,0,TRUE,"exact",0
"uniform",100,100,5,"lpSolve",1.72347424947657,0,TRUE,"exact",0
"uniform",100,100,5,"optmatch",1.72365805064328,0.000106645728399516,FALSE,"double",0.000183801166714825
"uniform",100,100,5,"scipy",1.72347424947657,0,TRUE,"exact",0
"uniform",100,100,6,"couplr",1.53888503951021,0,TRUE,"exact",0
"uniform",100,100,6,"clue",1.53888503951021,0,TRUE,"exact",0
"uniform",100,100,6,"lpSolve",1.53888503951021,0,TRUE,"exact",0
"uniform",100,100,6,"optmatch",1.53888503951021,0,TRUE,"exact",0
"uniform",100,100,6,"scipy",1.53888503951021,0,TRUE,"exact",0
"uniform",100,100,7,"couplr",1.62981683737598,0,TRUE,"exact",0
"uniform",100,100,7,"clue",1.62981683737598,0,TRUE,"exact",0
"uniform",100,100,7,"lpSolve",1.62981683737598,0,TRUE,"exact",0
"uniform",100,100,7,"optmatch",1.63010855251923,0.000178986458207232,FALSE,"double",0.000291715143249551
"uniform",100,100,7,"scipy",1.62981683737598,0,TRUE,"exact",0
"uniform",100,100,8,"couplr",1.57916536857374,0,TRUE,"exact",0
"uniform",100,100,8,"clue",1.57916536857374,0,TRUE,"exact",0
"uniform",100,100,8,"lpSolve",1.57916536857374,0,TRUE,"exact",0
"uniform",100,100,8,"optmatch",1.57916536857374,0,TRUE,"exact",0
"uniform",100,100,8,"scipy",1.57916536857374,0,TRUE,"exact",0
"uniform",100,100,9,"couplr",1.62595299468376,0,TRUE,"exact",0
"uniform",100,100,9,"clue",1.62595299468376,0,TRUE,"exact",0
"uniform",100,100,9,"lpSolve",1.62595299468376,0,TRUE,"exact",0
"uniform",100,100,9,"optmatch",1.62595299468376,0,TRUE,"exact",0
"uniform",100,100,9,"scipy",1.62595299468376,0,TRUE,"exact",0
"uniform",100,100,10,"couplr",1.43775504943915,0,TRUE,"exact",0
"uniform",100,100,10,"clue",1.43775504943915,0,TRUE,"exact",0
"uniform",100,100,10,"lpSolve",1.43775504943915,0,TRUE,"exact",0
"uniform",100,100,10,"optmatch",1.43775504943915,0,TRUE,"exact",0
"uniform",100,100,10,"scipy",1.43775504943915,0,TRUE,"exact",0
"uniform",400,400,1,"couplr",1.62251805444248,0,TRUE,"exact",0
"uniform",400,400,1,"clue",1.62251805444248,0,TRUE,"exact",0
"uniform",400,400,1,"lpSolve",1.62251805444248,0,TRUE,"exact",0
"uniform",400,400,1,"optmatch",1.62306043342687,0.00033428224906752,FALSE,"double",0.000542378984393155
"uniform",400,400,1,"scipy",1.62251805444248,0,TRUE,"exact",0
"uniform",400,400,2,"couplr",1.56428009574302,0,TRUE,"exact",0
"uniform",400,400,2,"clue",1.56428009574302,0,TRUE,"exact",0
"uniform",400,400,2,"lpSolve",1.56428009574302,0,TRUE,"exact",0
"uniform",400,400,2,"optmatch",1.56711216177791,0.00181045967573535,FALSE,"double",0.00283206603489963
"uniform",400,400,2,"scipy",1.56428009574302,0,TRUE,"exact",0
"uniform",400,400,3,"couplr",1.65240196860395,0,TRUE,"exact",0
"uniform",400,400,3,"clue",1.65240196860395,0,TRUE,"exact",0
"uniform",400,400,3,"lpSolve",1.65240196860395,0,TRUE,"exact",0
"uniform",400,400,3,"optmatch",1.65501639596187,0.00158219816218259,FALSE,"double",0.00261442735791334
"uniform",400,400,3,"scipy",1.65240196860395,0,TRUE,"exact",0
"uniform",400,400,4,"couplr",1.57076034462079,0,TRUE,"exact",0
"uniform",400,400,4,"clue",1.57076034462079,0,TRUE,"exact",0
"uniform",400,400,4,"lpSolve",1.57076034462079,0,TRUE,"exact",0
"uniform",400,400,4,"optmatch",1.57263206271455,0.0011916000427199,FALSE,"double",0.00187171809375423
"uniform",400,400,4,"scipy",1.57076034462079,0,TRUE,"exact",0
"uniform",400,400,5,"couplr",1.64438909874298,0,TRUE,"exact",0
"uniform",400,400,5,"clue",1.64438909874298,0,TRUE,"exact",0
"uniform",400,400,5,"lpSolve",1.64438909874298,0,TRUE,"exact",0
"uniform",400,400,5,"optmatch",1.64862425462343,0.00257551931211943,FALSE,"double",0.00423515588045254
"uniform",400,400,5,"scipy",1.64438909874298,0,TRUE,"exact",0
"uniform",400,400,6,"couplr",1.61260569747537,0,TRUE,"exact",0
"uniform",400,400,6,"clue",1.61260569747537,0,TRUE,"exact",0
"uniform",400,400,6,"lpSolve",1.61260569747537,0,TRUE,"exact",0
"uniform",400,400,6,"optmatch",1.6188662040513,0.00388223022263181,FALSE,"double",0.00626050657592837
"uniform",400,400,6,"scipy",1.61260569747537,0,TRUE,"exact",0
"uniform",400,400,7,"couplr",1.49797599553131,0,TRUE,"exact",0
"uniform",400,400,7,"clue",1.49797599553131,0,TRUE,"exact",0
"uniform",400,400,7,"lpSolve",1.49797599553131,0,TRUE,"exact",0
"uniform",400,400,7,"optmatch",1.50073534413241,0.00184205128075109,FALSE,"double",0.00275934860110411
"uniform",400,400,7,"scipy",1.49797599553131,0,TRUE,"exact",0
"uniform",400,400,8,"couplr",1.70586956525221,0,TRUE,"exact",0
"uniform",400,400,8,"clue",1.70586956525221,0,TRUE,"exact",0
"uniform",400,400,8,"lpSolve",1.70586956525221,0,TRUE,"exact",0
"uniform",400,400,8,"optmatch",1.70962498686276,0.00220147055029606,FALSE,"double",0.00375542161055075
"uniform",400,400,8,"scipy",1.70586956525221,0,TRUE,"exact",0
"uniform",400,400,9,"couplr",1.50276852189563,0,TRUE,"exact",0
"uniform",400,400,9,"clue",1.50276852189563,0,TRUE,"exact",0
"uniform",400,400,9,"lpSolve",1.50276852189563,0,TRUE,"exact",0
"uniform",400,400,9,"optmatch",1.51078332099132,0.00533335572239707,FALSE,"double",0.00801479909569248
"uniform",400,400,9,"scipy",1.50276852189563,0,TRUE,"exact",0
"uniform",400,400,10,"couplr",1.76879744161852,0,TRUE,"exact",0
"uniform",400,400,10,"clue",1.76879744161852,0,TRUE,"exact",0
"uniform",400,400,10,"lpSolve",1.76879744161852,0,TRUE,"exact",0
"uniform",400,400,10,"optmatch",1.7698044765275,0.000569333087715604,FALSE,"double",0.00100703490898155
"uniform",400,400,10,"scipy",1.76879744161852,0,TRUE,"exact",0
"uniform",1000,1000,1,"couplr",1.58966235048138,0,TRUE,"exact",0
"uniform",1000,1000,1,"clue",1.58966235048138,0,TRUE,"exact",0
"uniform",1000,1000,1,"optmatch",1.61080587934703,0.0133006413967392,FALSE,"double",0.0211435288656521
"uniform",1000,1000,1,"scipy",1.58966235048138,0,TRUE,"exact",0
"uniform",1000,1000,2,"couplr",1.7103885486722,0,TRUE,"exact",0
"uniform",1000,1000,2,"clue",1.7103885486722,0,TRUE,"exact",0
"uniform",1000,1000,2,"optmatch",1.72677052789368,0.00957792849712171,FALSE,"double",0.0163819792214796
"uniform",1000,1000,2,"scipy",1.7103885486722,0,TRUE,"exact",0
"uniform",1000,1000,3,"couplr",1.63119046506472,0,TRUE,"exact",0
"uniform",1000,1000,3,"clue",1.63119046506472,0,TRUE,"exact",0
"uniform",1000,1000,3,"optmatch",1.64762602793053,0.0100758085691462,FALSE,"double",0.0164355628658101
"uniform",1000,1000,3,"scipy",1.63119046506472,0,TRUE,"exact",0
"uniform",1000,1000,4,"couplr",1.6608988805674,0,TRUE,"exact",0
"uniform",1000,1000,4,"clue",1.6608988805674,0,TRUE,"exact",0
"uniform",1000,1000,4,"optmatch",1.68187391059473,0.0126287218762917,FALSE,"double",0.0209750300273314
"uniform",1000,1000,4,"scipy",1.6608988805674,0,TRUE,"exact",0
"uniform",1000,1000,5,"couplr",1.58896535914391,0,TRUE,"exact",0
"uniform",1000,1000,5,"clue",1.58896535914391,0,TRUE,"exact",0
"uniform",1000,1000,5,"optmatch",1.60343502275646,0.00910634302332454,FALSE,"double",0.0144696636125462
"uniform",1000,1000,5,"scipy",1.58896535914391,0,TRUE,"exact",0
"uniform",1000,1000,6,"couplr",1.66885838471353,0,TRUE,"exact",0
"uniform",1000,1000,6,"clue",1.66885838471353,0,TRUE,"exact",0
"uniform",1000,1000,6,"optmatch",1.6909831026569,0.0132573968804238,FALSE,"double",0.022124717943372
"uniform",1000,1000,6,"scipy",1.66885838471353,0,TRUE,"exact",0
"uniform",1000,1000,7,"couplr",1.61983423074707,0,TRUE,"exact",0
"uniform",1000,1000,7,"clue",1.61983423074707,0,TRUE,"exact",0
"uniform",1000,1000,7,"optmatch",1.64043590333313,0.0127183832734242,FALSE,"double",0.0206016725860552
"uniform",1000,1000,7,"scipy",1.61983423074707,0,TRUE,"exact",0
"uniform",1000,1000,8,"couplr",1.6921895314008,0,TRUE,"exact",0
"uniform",1000,1000,8,"clue",1.6921895314008,0,TRUE,"exact",0
"uniform",1000,1000,8,"optmatch",1.71184866828844,0.011617573872689,FALSE,"double",0.0196591368876412
"uniform",1000,1000,8,"scipy",1.6921895314008,0,TRUE,"exact",0
"uniform",1000,1000,9,"couplr",1.69783462234773,0,TRUE,"exact",0
"uniform",1000,1000,9,"clue",1.69783462234773,0,TRUE,"exact",0
"uniform",1000,1000,9,"optmatch",1.71521125896834,0.0102345872748094,FALSE,"double",0.0173766366206129
"uniform",1000,1000,9,"scipy",1.69783462234773,0,TRUE,"exact",0
"uniform",1000,1000,10,"couplr",1.68346503120847,0,TRUE,"exact",0
"uniform",1000,1000,10,"clue",1.68346503120847,0,TRUE,"exact",0
"uniform",1000,1000,10,"optmatch",1.71113590151072,0.0164368548138963,FALSE,"double",0.0276708703022465
"uniform",1000,1000,10,"scipy",1.68346503120847,0,TRUE,"exact",0
"uniform",200,600,1,"couplr",0.385359526146203,0,TRUE,"exact",0
"uniform",200,600,1,"clue",0.385359526146203,0,TRUE,"exact",0
"uniform",200,600,1,"optmatch",0.392345055704936,0.0181273047239601,FALSE,"double",0.0069855295587333
"uniform",200,600,1,"scipy",0.385359526146203,0,TRUE,"exact",0
"uniform",200,600,2,"couplr",0.33466535503976,0,TRUE,"exact",0
"uniform",200,600,2,"clue",0.33466535503976,0,TRUE,"exact",0
"uniform",200,600,2,"optmatch",0.342499292222783,0.023408270575518,FALSE,"double",0.00783393718302267
"uniform",200,600,2,"scipy",0.33466535503976,0,TRUE,"exact",0
"uniform",200,600,3,"couplr",0.36078572133556,0,TRUE,"exact",0
"uniform",200,600,3,"clue",0.36078572133556,0,TRUE,"exact",0
"uniform",200,600,3,"optmatch",0.369477903936058,0.0240923686456365,FALSE,"double",0.00869218260049838
"uniform",200,600,3,"scipy",0.36078572133556,0,TRUE,"exact",0
"uniform",200,600,4,"couplr",0.361111263278872,0,TRUE,"exact",0
"uniform",200,600,4,"clue",0.361111263278872,0,TRUE,"exact",0
"uniform",200,600,4,"optmatch",0.367690216284245,0.0182186314146973,FALSE,"double",0.00657895300537366
"uniform",200,600,4,"scipy",0.361111263278872,0,TRUE,"exact",0
"uniform",200,600,5,"couplr",0.350372476037592,0,TRUE,"exact",0
"uniform",200,600,5,"clue",0.350372476037592,0,TRUE,"exact",0
"uniform",200,600,5,"optmatch",0.35549985175021,0.0146340710623289,FALSE,"double",0.00512737571261841
"uniform",200,600,5,"scipy",0.350372476037592,0,TRUE,"exact",0
"uniform",200,600,6,"couplr",0.34093012730591,0,TRUE,"exact",0
"uniform",200,600,6,"clue",0.34093012730591,0,TRUE,"exact",0
"uniform",200,600,6,"optmatch",0.34590703737922,0.0145980354175167,FALSE,"double",0.00497691007331031
"uniform",200,600,6,"scipy",0.34093012730591,0,TRUE,"exact",0
"uniform",200,600,7,"couplr",0.331612747861072,0,TRUE,"exact",0
"uniform",200,600,7,"clue",0.331612747861072,0,TRUE,"exact",0
"uniform",200,600,7,"optmatch",0.338983378373086,0.0222266199341104,FALSE,"double",0.0073706305120142
"uniform",200,600,7,"scipy",0.331612747861072,0,TRUE,"exact",0
"uniform",200,600,8,"couplr",0.423698182217777,0,TRUE,"exact",0
"uniform",200,600,8,"clue",0.423698182217777,0,TRUE,"exact",0
"uniform",200,600,8,"optmatch",0.428914777236059,0.0123120542811327,FALSE,"double",0.00521659501828274
"uniform",200,600,8,"scipy",0.423698182217777,0,TRUE,"exact",0
"uniform",200,600,9,"couplr",0.349025373579934,0,TRUE,"exact",0
"uniform",200,600,9,"clue",0.349025373579934,0,TRUE,"exact",0
"uniform",200,600,9,"optmatch",0.356456357054412,0.0212906683495785,FALSE,"double",0.0074309834744783
"uniform",200,600,9,"scipy",0.349025373579934,0,TRUE,"exact",0
"uniform",200,600,10,"couplr",0.421526962891221,0,TRUE,"exact",0
"uniform",200,600,10,"clue",0.421526962891221,0,TRUE,"exact",0
"uniform",200,600,10,"optmatch",0.430760948685929,0.0219060383026816,FALSE,"double",0.00923398579470834
"uniform",200,600,10,"scipy",0.421526962891221,0,TRUE,"exact",0
"euclid",100,100,1,"couplr",77.7292405662237,0,TRUE,"exact",0
"euclid",100,100,1,"clue",77.7292405662237,0,TRUE,"exact",0
"euclid",100,100,1,"lpSolve",77.7292405662237,0,TRUE,"exact",0
"euclid",100,100,1,"optmatch",77.7302821997714,1.34007940907423e-05,FALSE,"double",0.00104163354804095
"euclid",100,100,1,"scipy",77.7292405662237,0,TRUE,"exact",0
"euclid",100,100,2,"couplr",65.2755348937714,0,TRUE,"exact",0
"euclid",100,100,2,"clue",65.2755348937714,0,TRUE,"exact",0
"euclid",100,100,2,"lpSolve",65.2755348937714,0,TRUE,"exact",0
"euclid",100,100,2,"optmatch",65.2765650714003,1.57819867823672e-05,FALSE,"double",0.00103017762926473
"euclid",100,100,2,"scipy",65.2755348937714,0,TRUE,"exact",0
"euclid",100,100,3,"couplr",70.1758428959092,0,TRUE,"exact",0
"euclid",100,100,3,"clue",70.1758428959092,0,TRUE,"exact",0
"euclid",100,100,3,"lpSolve",70.1758428959092,0,TRUE,"exact",0
"euclid",100,100,3,"optmatch",70.1769262851991,1.54382084380879e-05,FALSE,"double",0.0010833892901734
"euclid",100,100,3,"scipy",70.1758428959092,0,TRUE,"exact",0
"euclid",100,100,4,"couplr",86.4511044907422,0,TRUE,"exact",0
"euclid",100,100,4,"clue",86.4511044907422,0,TRUE,"exact",0
"euclid",100,100,4,"lpSolve",86.4511044907422,0,TRUE,"exact",0
"euclid",100,100,4,"optmatch",86.4531004949011,2.30882435872483e-05,FALSE,"double",0.00199600415919188
"euclid",100,100,4,"scipy",86.4511044907422,0,TRUE,"exact",0
"euclid",100,100,5,"couplr",66.0798765514355,0,TRUE,"exact",0
"euclid",100,100,5,"clue",66.0798765514355,0,TRUE,"exact",0
"euclid",100,100,5,"lpSolve",66.0798765514355,0,TRUE,"exact",0
"euclid",100,100,5,"optmatch",66.0807577987659,1.33360922616226e-05,FALSE,"double",0.000881247330595376
"euclid",100,100,5,"scipy",66.0798765514355,0,TRUE,"exact",0
"euclid",100,100,6,"couplr",80.7567970119963,0,TRUE,"exact",0
"euclid",100,100,6,"clue",80.7567970119963,0,TRUE,"exact",0
"euclid",100,100,6,"lpSolve",80.7567970119963,0,TRUE,"exact",0
"euclid",100,100,6,"optmatch",80.7596880114706,3.57988377603099e-05,FALSE,"double",0.00289099947449966
"euclid",100,100,6,"scipy",80.7567970119963,0,TRUE,"exact",0
"euclid",100,100,7,"couplr",84.0605267241554,0,TRUE,"exact",0
"euclid",100,100,7,"clue",84.0605267241554,0,TRUE,"exact",0
"euclid",100,100,7,"lpSolve",84.0605267241554,0,TRUE,"exact",0
"euclid",100,100,7,"optmatch",84.0614521745599,1.10093338759525e-05,FALSE,"double",0.000925450404919529
"euclid",100,100,7,"scipy",84.0605267241554,0,TRUE,"exact",0
"euclid",100,100,8,"couplr",84.4316477100233,0,TRUE,"exact",0
"euclid",100,100,8,"clue",84.4316477100233,0,TRUE,"exact",0
"euclid",100,100,8,"lpSolve",84.4316477100233,0,TRUE,"exact",0
"euclid",100,100,8,"optmatch",84.4365631886102,5.82184372823608e-05,FALSE,"double",0.00491547858722483
"euclid",100,100,8,"scipy",84.4316477100233,0,TRUE,"exact",0
"euclid",100,100,9,"couplr",80.4688752121955,0,TRUE,"exact",0
"euclid",100,100,9,"clue",80.4688752121955,0,TRUE,"exact",0
"euclid",100,100,9,"lpSolve",80.4688752121955,0,TRUE,"exact",0
"euclid",100,100,9,"optmatch",80.4700703043119,1.48516070742913e-05,FALSE,"double",0.00119509211675378
"euclid",100,100,9,"scipy",80.4688752121955,0,TRUE,"exact",0
"euclid",100,100,10,"couplr",56.9435887423651,0,TRUE,"exact",0
"euclid",100,100,10,"clue",56.9435887423651,0,TRUE,"exact",0
"euclid",100,100,10,"lpSolve",56.9435887423651,0,TRUE,"exact",0
"euclid",100,100,10,"optmatch",56.9452640365382,2.94202422104496e-05,FALSE,"double",0.00167529417334905
"euclid",100,100,10,"scipy",56.9435887423651,0,TRUE,"exact",0
"euclid",400,400,1,"couplr",317.266745334769,0,TRUE,"exact",0
"euclid",400,400,1,"clue",317.266745334769,0,TRUE,"exact",0
"euclid",400,400,1,"lpSolve",317.266745334769,0,TRUE,"exact",0
"euclid",400,400,1,"optmatch",317.28701093532,6.38755900179732e-05,FALSE,"double",0.0202656005554183
"euclid",400,400,1,"scipy",317.266745334769,0,TRUE,"exact",0
"euclid",400,400,2,"couplr",306.356230108235,0,TRUE,"exact",0
"euclid",400,400,2,"clue",306.356230108235,0,TRUE,"exact",0
"euclid",400,400,2,"lpSolve",306.356230108235,0,TRUE,"exact",0
"euclid",400,400,2,"optmatch",306.379558246031,7.61470977359096e-05,FALSE,"double",0.023328137800708
"euclid",400,400,2,"scipy",306.356230108235,0,TRUE,"exact",0
"euclid",400,400,3,"couplr",325.056792730312,0,TRUE,"exact",0
"euclid",400,400,3,"clue",325.056792730312,0,TRUE,"exact",0
"euclid",400,400,3,"lpSolve",325.056792730312,0,TRUE,"exact",0
"euclid",400,400,3,"optmatch",325.079201370823,6.89376164780658e-05,FALSE,"double",0.022408640514496
"euclid",400,400,3,"scipy",325.056792730312,0,TRUE,"exact",0
"euclid",400,400,4,"couplr",286.459247993884,0,TRUE,"exact",0
"euclid",400,400,4,"clue",286.459247993884,0,TRUE,"exact",0
"euclid",400,400,4,"lpSolve",286.459247993884,0,TRUE,"exact",0
"euclid",400,400,4,"optmatch",286.478740632184,6.80468109728086e-05,FALSE,"double",0.0194926383038945
"euclid",400,400,4,"scipy",286.459247993884,0,TRUE,"exact",0
"euclid",400,400,5,"couplr",274.730670575132,0,TRUE,"exact",0
"euclid",400,400,5,"clue",274.730670575132,0,TRUE,"exact",0
"euclid",400,400,5,"lpSolve",274.730670575132,0,TRUE,"exact",0
"euclid",400,400,5,"optmatch",274.749564700758,6.87732665097912e-05,FALSE,"double",0.0188941256305253
"euclid",400,400,5,"scipy",274.730670575132,0,TRUE,"exact",0
"euclid",400,400,6,"couplr",286.710899438778,0,TRUE,"exact",0
"euclid",400,400,6,"clue",286.710899438778,0,TRUE,"exact",0
"euclid",400,400,6,"lpSolve",286.710899438778,0,TRUE,"exact",0
"euclid",400,400,6,"optmatch",286.728453274378,6.12248632129912e-05,FALSE,"double",0.0175538356041602
"euclid",400,400,6,"scipy",286.710899438778,0,TRUE,"exact",0
"euclid",400,400,7,"couplr",288.513420712083,0,TRUE,"exact",0
"euclid",400,400,7,"clue",288.513420712083,0,TRUE,"exact",0
"euclid",400,400,7,"lpSolve",288.513420712083,0,TRUE,"exact",0
"euclid",400,400,7,"optmatch",288.537824838383,8.45857577100616e-05,FALSE,"double",0.0244041263046266
"euclid",400,400,7,"scipy",288.513420712083,0,TRUE,"exact",0
"euclid",400,400,8,"couplr",253.076542864876,0,TRUE,"exact",0
"euclid",400,400,8,"clue",253.076542864876,0,TRUE,"exact",0
"euclid",400,400,8,"lpSolve",253.076542864876,0,TRUE,"exact",0
"euclid",400,400,8,"optmatch",253.091052407775,5.73326264616643e-05,FALSE,"double",0.0145095429018629
"euclid",400,400,8,"scipy",253.076542864876,0,TRUE,"exact",0
"euclid",400,400,9,"couplr",246.18076050324,0,TRUE,"exact",0
"euclid",400,400,9,"clue",246.18076050324,0,TRUE,"exact",0
"euclid",400,400,9,"lpSolve",246.18076050324,0,TRUE,"exact",0
"euclid",400,400,9,"optmatch",246.195379007746,5.93811818438664e-05,FALSE,"double",0.0146185045098073
"euclid",400,400,9,"scipy",246.18076050324,0,TRUE,"exact",0
"euclid",400,400,10,"couplr",256.097708469726,0,TRUE,"exact",0
"euclid",400,400,10,"clue",256.097708469726,0,TRUE,"exact",0
"euclid",400,400,10,"lpSolve",256.097708469726,0,TRUE,"exact",0
"euclid",400,400,10,"optmatch",256.113101393489,6.01056676946671e-05,FALSE,"double",0.0153929237676636
"euclid",400,400,10,"scipy",256.097708469726,0,TRUE,"exact",0
"euclid",1000,1000,1,"couplr",792.127810573199,0,TRUE,"exact",0
"euclid",1000,1000,1,"clue",792.127810573199,0,TRUE,"exact",0
"euclid",1000,1000,1,"optmatch",792.197169592452,8.75603890273472e-05,FALSE,"double",0.0693590192887528
"euclid",1000,1000,1,"scipy",792.127810573199,0,TRUE,"exact",0
"euclid",1000,1000,2,"couplr",758.601077005253,0,TRUE,"exact",0
"euclid",1000,1000,2,"clue",758.601077005253,0,TRUE,"exact",0
"euclid",1000,1000,2,"optmatch",758.666450111616,8.61758681137147e-05,FALSE,"double",0.0653731063972829
"euclid",1000,1000,2,"scipy",758.601077005253,0,TRUE,"exact",0
"euclid",1000,1000,3,"couplr",738.336853324883,0,TRUE,"exact",0
"euclid",1000,1000,3,"clue",738.336853324883,0,TRUE,"exact",0
"euclid",1000,1000,3,"optmatch",738.40399646782,9.09383604975546e-05,FALSE,"double",0.0671431429690008
"euclid",1000,1000,3,"scipy",738.336853324883,0,TRUE,"exact",0
"euclid",1000,1000,4,"couplr",730.10629590454,0,TRUE,"exact",0
"euclid",1000,1000,4,"clue",730.10629590454,0,TRUE,"exact",0
"euclid",1000,1000,4,"optmatch",730.172247440358,9.0331416382036e-05,FALSE,"double",0.0659515358535396
"euclid",1000,1000,4,"scipy",730.10629590454,0,TRUE,"exact",0
"euclid",1000,1000,5,"couplr",675.377664166878,0,TRUE,"exact",0
"euclid",1000,1000,5,"clue",675.377664166878,0,TRUE,"exact",0
"euclid",1000,1000,5,"optmatch",675.443786862553,9.79047711866541e-05,FALSE,"double",0.0661226957057436
"euclid",1000,1000,5,"scipy",675.377664166878,0,TRUE,"exact",0
"euclid",1000,1000,6,"couplr",705.188435983867,0,TRUE,"exact",0
"euclid",1000,1000,6,"clue",705.188435983867,0,TRUE,"exact",0
"euclid",1000,1000,6,"optmatch",705.260162778289,0.000101712947578921,FALSE,"double",0.0717267944531074
"euclid",1000,1000,6,"scipy",705.188435983867,0,TRUE,"exact",0
"euclid",1000,1000,7,"couplr",672.507559720697,0,TRUE,"exact",0
"euclid",1000,1000,7,"clue",672.507559720697,0,TRUE,"exact",0
"euclid",1000,1000,7,"optmatch",672.57322017714,9.76352689187125e-05,FALSE,"double",0.0656604564746484
"euclid",1000,1000,7,"scipy",672.507559720697,0,TRUE,"exact",0
"euclid",1000,1000,8,"couplr",770.7757287985,0,TRUE,"exact",0
"euclid",1000,1000,8,"clue",770.7757287985,0,TRUE,"exact",0
"euclid",1000,1000,8,"optmatch",770.84156067202,8.54098942931915e-05,FALSE,"double",0.0658318735471213
"euclid",1000,1000,8,"scipy",770.7757287985,0,TRUE,"exact",0
"euclid",1000,1000,9,"couplr",752.238052277411,0,TRUE,"exact",0
"euclid",1000,1000,9,"clue",752.238052277411,0,TRUE,"exact",0
"euclid",1000,1000,9,"optmatch",752.306524453284,9.10246107138166e-05,FALSE,"double",0.0684721759049651
"euclid",1000,1000,9,"scipy",752.238052277411,0,TRUE,"exact",0
"euclid",1000,1000,10,"couplr",699.161961466955,0,TRUE,"exact",0
"euclid",1000,1000,10,"clue",699.161961466955,0,TRUE,"exact",0
"euclid",1000,1000,10,"optmatch",699.226601093036,9.24530075198377e-05,FALSE,"double",0.0646396261043206
"euclid",1000,1000,10,"scipy",699.161961466955,0,TRUE,"exact",0
"euclid",200,600,1,"couplr",27.6660145195494,0,TRUE,"exact",0
"euclid",200,600,1,"clue",27.6660145195494,0,TRUE,"exact",0
"euclid",200,600,1,"optmatch",27.6660145195494,0,TRUE,"exact",0
"euclid",200,600,1,"scipy",27.6660145195494,0,TRUE,"exact",0
"euclid",200,600,2,"couplr",23.5733492749011,0,TRUE,"exact",0
"euclid",200,600,2,"clue",23.5733492749011,0,TRUE,"exact",0
"euclid",200,600,2,"optmatch",23.5733492749011,0,TRUE,"exact",0
"euclid",200,600,2,"scipy",23.5733492749011,0,TRUE,"exact",0
"euclid",200,600,3,"couplr",29.1532479066512,0,TRUE,"exact",0
"euclid",200,600,3,"clue",29.1532479066512,0,TRUE,"exact",0
"euclid",200,600,3,"optmatch",29.1540041627822,2.59407162244059e-05,FALSE,"double",0.00075625613102865
"euclid",200,600,3,"scipy",29.1532479066512,0,TRUE,"exact",0
"euclid",200,600,4,"couplr",34.8056696019571,0,TRUE,"exact",0
"euclid",200,600,4,"clue",34.8056696019571,0,TRUE,"exact",0
"euclid",200,600,4,"optmatch",34.805973202755,8.72273975535921e-06,FALSE,"double",0.000303600798083151
"euclid",200,600,4,"scipy",34.8056696019571,0,TRUE,"exact",0
"euclid",200,600,5,"couplr",22.380144332003,0,TRUE,"exact",0
"euclid",200,600,5,"clue",22.380144332003,0,TRUE,"exact",0
"euclid",200,600,5,"optmatch",22.380144332003,0,TRUE,"exact",0
"euclid",200,600,5,"scipy",22.380144332003,0,TRUE,"exact",0
"euclid",200,600,6,"couplr",29.7843761001021,0,TRUE,"exact",0
"euclid",200,600,6,"clue",29.7843761001021,0,TRUE,"exact",0
"euclid",200,600,6,"optmatch",29.7843761001021,0,TRUE,"exact",0
"euclid",200,600,6,"scipy",29.7843761001021,0,TRUE,"exact",0
"euclid",200,600,7,"couplr",25.1607110513881,0,TRUE,"exact",0
"euclid",200,600,7,"clue",25.1607110513881,0,TRUE,"exact",0
"euclid",200,600,7,"optmatch",25.1608637816402,6.07018823367784e-06,FALSE,"double",0.000152730252210894
"euclid",200,600,7,"scipy",25.1607110513881,0,TRUE,"exact",0
"euclid",200,600,8,"couplr",29.8510274620032,0,TRUE,"exact",0
"euclid",200,600,8,"clue",29.8510274620032,0,TRUE,"exact",0
"euclid",200,600,8,"optmatch",29.8516857637055,2.20528992882346e-05,FALSE,"double",0.000658301702330427
"euclid",200,600,8,"scipy",29.8510274620032,0,TRUE,"exact",0
"euclid",200,600,9,"couplr",24.1168065424947,0,TRUE,"exact",0
"euclid",200,600,9,"clue",24.1168065424947,0,TRUE,"exact",0
"euclid",200,600,9,"optmatch",24.1183313321073,6.32251873813081e-05,FALSE,"double",0.00152478961272355
"euclid",200,600,9,"scipy",24.1168065424947,0,TRUE,"exact",0
"euclid",200,600,10,"couplr",33.4982038616031,0,TRUE,"exact",0
"euclid",200,600,10,"clue",33.4982038616031,0,TRUE,"exact",0
"euclid",200,600,10,"optmatch",33.4983274764404,3.69019299565109e-06,FALSE,"double",0.000123614837345106
"euclid",200,600,10,"scipy",33.4982038616031,0,TRUE,"exact",0
