"sweep","cloud","dim","n_total","caliper","caliper_value","seed_index","seed","memory_mode","status","elapsed_s","heap_mb","n_pairs","total_cost","certified_optimal","duality_gap","n_rounds","seed_width","candidate_edges","possible_edges","edges_evaluated","equal_to_dense","cost_gap_vs_dense"
"dimension","gaussian",2,10000,"none",Inf,1,1480640368,"implicit","ok",0.1509,74.4,3333,151.897086383239,TRUE,0,2,78,259974,22221111,4200625,TRUE,0
"dimension","gaussian",2,10000,"none",Inf,1,1480640368,"lazy","ok",0.5076,74.2,3333,151.897086383239,NA,NA,NA,NA,NA,NA,NA,NA,NA
"dimension","gaussian",2,10000,"none",Inf,1,1480640368,"dense","ok",0.8372,698.8,3333,151.897086383239,NA,NA,NA,NA,NA,NA,NA,NA,NA
"dimension","gaussian",2,10000,"none",Inf,2,1480640369,"implicit","ok",0.1943,75.4,3333,148.554028351798,TRUE,0,3,78,259978,22221111,5666190,TRUE,0
"dimension","gaussian",2,10000,"none",Inf,2,1480640369,"lazy","ok",0.6789,75.3,3333,148.554028351798,NA,NA,NA,NA,NA,NA,NA,NA,NA
"dimension","gaussian",2,10000,"none",Inf,2,1480640369,"dense","ok",0.8964,719.1,3333,148.554028351798,NA,NA,NA,NA,NA,NA,NA,NA,NA
"dimension","gaussian",2,10000,"none",Inf,3,1480640370,"implicit","ok",0.185,75.4,3333,151.576599891279,TRUE,0,3,78,259975,22221111,5399598,TRUE,0
"dimension","gaussian",2,10000,"none",Inf,3,1480640370,"lazy","ok",0.5747,75.3,3333,151.576599891279,NA,NA,NA,NA,NA,NA,NA,NA,NA
"dimension","gaussian",2,10000,"none",Inf,3,1480640370,"dense","ok",0.8724,615.4,3333,151.576599891279,NA,NA,NA,NA,NA,NA,NA,NA,NA
"dimension","gaussian",2,10000,"none",Inf,4,1480640371,"implicit","ok",0.1541,75.4,3333,147.876387640695,TRUE,0,2,78,259974,22221111,4372705,TRUE,0
"dimension","gaussian",2,10000,"none",Inf,4,1480640371,"lazy","ok",0.5712,75.3,3333,147.876387640695,NA,NA,NA,NA,NA,NA,NA,NA,NA
"dimension","gaussian",2,10000,"none",Inf,4,1480640371,"dense","ok",0.8437,719.1,3333,147.876387640695,NA,NA,NA,NA,NA,NA,NA,NA,NA
"dimension","gaussian",2,10000,"none",Inf,5,1480640372,"implicit","ok",0.2079,75.4,3333,158.498719263578,TRUE,0,4,78,260000,22221111,6241123,TRUE,0
"dimension","gaussian",2,10000,"none",Inf,5,1480640372,"lazy","ok",0.6585,75.3,3333,158.498719263578,NA,NA,NA,NA,NA,NA,NA,NA,NA
"dimension","gaussian",2,10000,"none",Inf,5,1480640372,"dense","ok",0.8722,719.1,3333,158.498719263578,NA,NA,NA,NA,NA,NA,NA,NA,NA
"dimension","gaussian",4,10000,"none",Inf,1,1042002983,"implicit","ok",0.3855,76.2,3333,1161.37786355045,TRUE,0,2,78,259974,22221111,14939384,TRUE,0
"dimension","gaussian",4,10000,"none",Inf,1,1042002983,"lazy","ok",1.5185,76.1,3333,1161.37786355045,NA,NA,NA,NA,NA,NA,NA,NA,NA
"dimension","gaussian",4,10000,"none",Inf,1,1042002983,"dense","ok",1.1188,710.7,3333,1161.37786355045,NA,NA,NA,NA,NA,NA,NA,NA,NA
"dimension","gaussian",4,10000,"none",Inf,2,1042002984,"implicit","ok",0.3954,76.2,3333,1152.57819915206,TRUE,0,2,78,259974,22221111,15500854,TRUE,0
"dimension","gaussian",4,10000,"none",Inf,2,1042002984,"lazy","ok",1.3299,76.1,3333,1152.57819915206,NA,NA,NA,NA,NA,NA,NA,NA,NA
"dimension","gaussian",4,10000,"none",Inf,2,1042002984,"dense","ok",1.1019,606.6,3333,1152.57819915206,NA,NA,NA,NA,NA,NA,NA,NA,NA
"dimension","gaussian",4,10000,"none",Inf,3,1042002985,"implicit","ok",0.3957,76.2,3333,1147.01155828644,TRUE,0,2,78,259974,22221111,15434228,TRUE,0
"dimension","gaussian",4,10000,"none",Inf,3,1042002985,"lazy","ok",1.4905,76.1,3333,1147.01155828644,NA,NA,NA,NA,NA,NA,NA,NA,NA
"dimension","gaussian",4,10000,"none",Inf,3,1042002985,"dense","ok",1.1161,606.7,3333,1147.01155828644,NA,NA,NA,NA,NA,NA,NA,NA,NA
"dimension","gaussian",4,10000,"none",Inf,4,1042002986,"implicit","ok",0.3851,76.2,3333,1148.38668147133,TRUE,0,2,78,259974,22221111,14990393,TRUE,0
"dimension","gaussian",4,10000,"none",Inf,4,1042002986,"lazy","ok",1.4054,76.1,3333,1148.38668147133,NA,NA,NA,NA,NA,NA,NA,NA,NA
"dimension","gaussian",4,10000,"none",Inf,4,1042002986,"dense","ok",1.1021,710.7,3333,1148.38668147133,NA,NA,NA,NA,NA,NA,NA,NA,NA
"dimension","gaussian",4,10000,"none",Inf,5,1042002987,"implicit","ok",0.3913,76.2,3333,1153.83139596868,TRUE,0,2,78,259974,22221111,15358238,TRUE,0
"dimension","gaussian",4,10000,"none",Inf,5,1042002987,"lazy","ok",1.2687,76.1,3333,1153.83139596868,NA,NA,NA,NA,NA,NA,NA,NA,NA
"dimension","gaussian",4,10000,"none",Inf,5,1042002987,"dense","ok",1.0811,606.7,3333,1153.83139596868,NA,NA,NA,NA,NA,NA,NA,NA,NA
"dimension","gaussian",8,10000,"none",Inf,1,164728213,"implicit","ok",0.9442,77.8,3333,4024.6108516031,TRUE,0,2,78,259974,22221111,39920370,TRUE,0
"dimension","gaussian",8,10000,"none",Inf,1,164728213,"lazy","ok",1.6425,77.6,3333,4024.6108516031,NA,NA,NA,NA,NA,NA,NA,NA,NA
"dimension","gaussian",8,10000,"none",Inf,1,164728213,"dense","ok",1.5599,705.2,3333,4024.6108516031,NA,NA,NA,NA,NA,NA,NA,NA,NA
"dimension","gaussian",8,10000,"none",Inf,2,164728214,"implicit","ok",0.9377,77.8,3333,4032.15562547006,TRUE,0,2,78,259974,22221111,39504475,TRUE,0
"dimension","gaussian",8,10000,"none",Inf,2,164728214,"lazy","ok",1.7339,77.6,3333,4032.15562547006,NA,NA,NA,NA,NA,NA,NA,NA,NA
"dimension","gaussian",8,10000,"none",Inf,2,164728214,"dense","ok",1.5835,705.2,3333,4032.15562547006,NA,NA,NA,NA,NA,NA,NA,NA,NA
"dimension","gaussian",8,10000,"none",Inf,3,164728215,"implicit","ok",0.9417,77.8,3333,4048.90421495389,TRUE,0,2,78,259974,22221111,39729304,TRUE,0
"dimension","gaussian",8,10000,"none",Inf,3,164728215,"lazy","ok",1.7475,77.6,3333,4048.90421495389,NA,NA,NA,NA,NA,NA,NA,NA,NA
"dimension","gaussian",8,10000,"none",Inf,3,164728215,"dense","ok",1.5903,600.7,3333,4048.90421495389,NA,NA,NA,NA,NA,NA,NA,NA,NA
"dimension","gaussian",8,10000,"none",Inf,4,164728216,"implicit","ok",0.9394,77.8,3333,4054.5196080073,TRUE,0,2,78,259974,22221111,39848069,TRUE,0
"dimension","gaussian",8,10000,"none",Inf,4,164728216,"lazy","ok",1.818,77.6,3333,4054.5196080073,NA,NA,NA,NA,NA,NA,NA,NA,NA
"dimension","gaussian",8,10000,"none",Inf,4,164728216,"dense","ok",1.6158,600.7,3333,4054.5196080073,NA,NA,NA,NA,NA,NA,NA,NA,NA
"dimension","gaussian",8,10000,"none",Inf,5,164728217,"implicit","ok",0.941,77.8,3333,4010.27066877695,TRUE,0,2,78,259974,22221111,39759869,TRUE,4.54747350886464e-13
"dimension","gaussian",8,10000,"none",Inf,5,164728217,"lazy","ok",1.5026,77.6,3333,4010.27066877695,NA,NA,NA,NA,NA,NA,NA,NA,NA
"dimension","gaussian",8,10000,"none",Inf,5,164728217,"dense","ok",1.5735,705.2,3333,4010.27066877695,NA,NA,NA,NA,NA,NA,NA,NA,NA
"dimension","gaussian",16,10000,"none",Inf,1,1977946966,"implicit","ok",2.5902,80.9,3333,9251.70251118361,TRUE,0,2,78,259974,22221111,44442209,TRUE,0
"dimension","gaussian",16,10000,"none",Inf,1,1977946966,"lazy","ok",4.8778,80.8,3333,9251.70251118361,NA,NA,NA,NA,NA,NA,NA,NA,NA
"dimension","gaussian",16,10000,"none",Inf,1,1977946966,"dense","ok",2.4992,702.8,3333,9251.70251118361,NA,NA,NA,NA,NA,NA,NA,NA,NA
"dimension","gaussian",16,10000,"none",Inf,2,1977946967,"implicit","ok",2.5852,80.9,3333,9252.93896644476,TRUE,0,2,78,259974,22221111,44442222,TRUE,0
"dimension","gaussian",16,10000,"none",Inf,2,1977946967,"lazy","ok",4.8037,80.8,3333,9252.93896644476,NA,NA,NA,NA,NA,NA,NA,NA,NA
"dimension","gaussian",16,10000,"none",Inf,2,1977946967,"dense","ok",2.528,702.8,3333,9252.93896644476,NA,NA,NA,NA,NA,NA,NA,NA,NA
"dimension","gaussian",16,10000,"none",Inf,3,1977946968,"implicit","ok",2.584,80.9,3333,9240.52551300391,TRUE,0,2,78,259974,22221111,44442222,TRUE,1.81898940354586e-12
"dimension","gaussian",16,10000,"none",Inf,3,1977946968,"lazy","ok",4.515,80.8,3333,9240.52551300391,NA,NA,NA,NA,NA,NA,NA,NA,NA
"dimension","gaussian",16,10000,"none",Inf,3,1977946968,"dense","ok",2.5125,702.8,3333,9240.52551300392,NA,NA,NA,NA,NA,NA,NA,NA,NA
"dimension","gaussian",16,10000,"none",Inf,4,1977946969,"implicit","ok",2.587,80.9,3333,9278.40146663,TRUE,0,2,78,259974,22221111,44442209,TRUE,0
"dimension","gaussian",16,10000,"none",Inf,4,1977946969,"lazy","ok",5.0395,80.8,3333,9278.40146663,NA,NA,NA,NA,NA,NA,NA,NA,NA
"dimension","gaussian",16,10000,"none",Inf,4,1977946969,"dense","ok",2.5514,702.8,3333,9278.40146663,NA,NA,NA,NA,NA,NA,NA,NA,NA
"dimension","gaussian",16,10000,"none",Inf,5,1977946970,"implicit","ok",2.5901,80.9,3333,9258.0041084349,TRUE,0,2,78,259974,22221111,44442222,TRUE,0
"dimension","gaussian",16,10000,"none",Inf,5,1977946970,"lazy","ok",5.0442,80.8,3333,9258.0041084349,NA,NA,NA,NA,NA,NA,NA,NA,NA
"dimension","gaussian",16,10000,"none",Inf,5,1977946970,"dense","ok",2.5265,702.8,3333,9258.0041084349,NA,NA,NA,NA,NA,NA,NA,NA,NA
"dimension","gaussian",32,10000,"none",Inf,1,1265089913,"implicit","ok",9.537,87.3,3333,17165.3249887627,TRUE,0,2,78,259974,22221111,44442222,TRUE,0
"dimension","gaussian",32,10000,"none",Inf,1,1265089913,"lazy","ok",21.9749,87.1,3333,17165.3249887627,NA,NA,NA,NA,NA,NA,NA,NA,NA
"dimension","gaussian",32,10000,"none",Inf,1,1265089913,"dense","ok",4.8036,703.2,3333,17165.3249887627,NA,NA,NA,NA,NA,NA,NA,NA,NA
"dimension","gaussian",32,10000,"none",Inf,2,1265089914,"implicit","ok",9.5377,87.3,3333,17194.001724527,TRUE,0,2,78,259974,22221111,44442222,TRUE,0
"dimension","gaussian",32,10000,"none",Inf,2,1265089914,"lazy","ok",20.1027,87.1,3333,17194.001724527,NA,NA,NA,NA,NA,NA,NA,NA,NA
"dimension","gaussian",32,10000,"none",Inf,2,1265089914,"dense","ok",4.7848,703.2,3333,17194.001724527,NA,NA,NA,NA,NA,NA,NA,NA,NA
"dimension","gaussian",32,10000,"none",Inf,3,1265089915,"implicit","ok",9.5391,87.3,3333,17121.6639474204,TRUE,0,2,78,259974,22221111,44442222,TRUE,3.63797880709171e-12
"dimension","gaussian",32,10000,"none",Inf,3,1265089915,"lazy","ok",21.1505,87.1,3333,17121.6639474204,NA,NA,NA,NA,NA,NA,NA,NA,NA
"dimension","gaussian",32,10000,"none",Inf,3,1265089915,"dense","ok",4.7743,703.2,3333,17121.6639474204,NA,NA,NA,NA,NA,NA,NA,NA,NA
"dimension","gaussian",32,10000,"none",Inf,4,1265089916,"implicit","ok",9.5343,87.3,3333,17145.6239583029,TRUE,0,2,78,259974,22221111,44442222,TRUE,0
"dimension","gaussian",32,10000,"none",Inf,4,1265089916,"lazy","ok",20.9334,87.1,3333,17145.6239583029,NA,NA,NA,NA,NA,NA,NA,NA,NA
"dimension","gaussian",32,10000,"none",Inf,4,1265089916,"dense","ok",4.7803,595.4,3333,17145.6239583029,NA,NA,NA,NA,NA,NA,NA,NA,NA
"dimension","gaussian",32,10000,"none",Inf,5,1265089917,"implicit","ok",9.5346,87.3,3333,17173.8349808643,TRUE,0,2,78,259974,22221111,44442222,TRUE,0
"dimension","gaussian",32,10000,"none",Inf,5,1265089917,"lazy","ok",19.3574,87.1,3333,17173.8349808643,NA,NA,NA,NA,NA,NA,NA,NA,NA
"dimension","gaussian",32,10000,"none",Inf,5,1265089917,"dense","ok",4.7642,703.2,3333,17173.8349808643,NA,NA,NA,NA,NA,NA,NA,NA,NA
"cloud","gaussian",8,10000,"none",Inf,1,164728213,"implicit","ok",0.9393,77.8,3333,4024.6108516031,TRUE,0,2,78,259974,22221111,39920370,TRUE,0
"cloud","gaussian",8,10000,"none",Inf,1,164728213,"lazy","ok",1.6421,77.6,3333,4024.6108516031,NA,NA,NA,NA,NA,NA,NA,NA,NA
"cloud","gaussian",8,10000,"none",Inf,1,164728213,"dense","ok",1.4758,705.3,3333,4024.6108516031,NA,NA,NA,NA,NA,NA,NA,NA,NA
"cloud","gaussian",8,10000,"none",Inf,2,164728214,"implicit","ok",0.938,77.8,3333,4032.15562547006,TRUE,0,2,78,259974,22221111,39504475,TRUE,0
"cloud","gaussian",8,10000,"none",Inf,2,164728214,"lazy","ok",1.7298,77.6,3333,4032.15562547006,NA,NA,NA,NA,NA,NA,NA,NA,NA
"cloud","gaussian",8,10000,"none",Inf,2,164728214,"dense","ok",1.4627,705.3,3333,4032.15562547006,NA,NA,NA,NA,NA,NA,NA,NA,NA
"cloud","gaussian",8,10000,"none",Inf,3,164728215,"implicit","ok",0.9457,77.8,3333,4048.90421495389,TRUE,0,2,78,259974,22221111,39729304,TRUE,0
"cloud","gaussian",8,10000,"none",Inf,3,164728215,"lazy","ok",1.7473,77.6,3333,4048.90421495389,NA,NA,NA,NA,NA,NA,NA,NA,NA
"cloud","gaussian",8,10000,"none",Inf,3,164728215,"dense","ok",1.4633,705.3,3333,4048.90421495389,NA,NA,NA,NA,NA,NA,NA,NA,NA
"cloud","gaussian",8,10000,"none",Inf,4,164728216,"implicit","ok",0.9493,77.8,3333,4054.5196080073,TRUE,0,2,78,259974,22221111,39848069,TRUE,0
"cloud","gaussian",8,10000,"none",Inf,4,164728216,"lazy","ok",1.8167,77.6,3333,4054.5196080073,NA,NA,NA,NA,NA,NA,NA,NA,NA
"cloud","gaussian",8,10000,"none",Inf,4,164728216,"dense","ok",1.4851,705.3,3333,4054.5196080073,NA,NA,NA,NA,NA,NA,NA,NA,NA
"cloud","gaussian",8,10000,"none",Inf,5,164728217,"implicit","ok",0.9384,77.8,3333,4010.27066877695,TRUE,0,2,78,259974,22221111,39759869,TRUE,4.54747350886464e-13
"cloud","gaussian",8,10000,"none",Inf,5,164728217,"lazy","ok",1.5026,77.6,3333,4010.27066877695,NA,NA,NA,NA,NA,NA,NA,NA,NA
"cloud","gaussian",8,10000,"none",Inf,5,164728217,"dense","ok",1.4341,600.7,3333,4010.27066877695,NA,NA,NA,NA,NA,NA,NA,NA,NA
"cloud","clustered",8,10000,"none",Inf,1,38915715,"implicit","ok",0.3463,77.8,3333,1287.39240169925,TRUE,0,2,78,259974,22221111,10203854,TRUE,2.27373675443232e-13
"cloud","clustered",8,10000,"none",Inf,1,38915715,"lazy","ok",0.6861,77.6,3333,1287.39240169925,NA,NA,NA,NA,NA,NA,NA,NA,NA
"cloud","clustered",8,10000,"none",Inf,1,38915715,"dense","ok",1.3445,600.7,3333,1287.39240169925,NA,NA,NA,NA,NA,NA,NA,NA,NA
"cloud","clustered",8,10000,"none",Inf,2,38915716,"implicit","ok",0.3663,77.8,3333,1576.99174083939,TRUE,0,2,78,259974,22221111,10764229,TRUE,2.27373675443232e-13
"cloud","clustered",8,10000,"none",Inf,2,38915716,"lazy","ok",0.6374,77.6,3333,1576.99174083939,NA,NA,NA,NA,NA,NA,NA,NA,NA
"cloud","clustered",8,10000,"none",Inf,2,38915716,"dense","ok",1.3232,600.7,3333,1576.99174083939,NA,NA,NA,NA,NA,NA,NA,NA,NA
"cloud","clustered",8,10000,"none",Inf,3,38915717,"implicit","ok",0.3718,77.8,3333,1461.86209281722,TRUE,0,2,78,259974,22221111,11365508,TRUE,0
"cloud","clustered",8,10000,"none",Inf,3,38915717,"lazy","ok",0.6375,77.6,3333,1461.86209281722,NA,NA,NA,NA,NA,NA,NA,NA,NA
"cloud","clustered",8,10000,"none",Inf,3,38915717,"dense","ok",1.3316,705.3,3333,1461.86209281722,NA,NA,NA,NA,NA,NA,NA,NA,NA
"cloud","clustered",8,10000,"none",Inf,4,38915718,"implicit","ok",0.4013,77.8,3333,1642.56026759553,TRUE,0,2,78,259974,22221111,12501151,TRUE,0
"cloud","clustered",8,10000,"none",Inf,4,38915718,"lazy","ok",0.6587,77.6,3333,1642.56026759553,NA,NA,NA,NA,NA,NA,NA,NA,NA
"cloud","clustered",8,10000,"none",Inf,4,38915718,"dense","ok",1.3303,705.3,3333,1642.56026759553,NA,NA,NA,NA,NA,NA,NA,NA,NA
"cloud","clustered",8,10000,"none",Inf,5,38915719,"implicit","ok",0.3529,77.8,3333,1421.8265052838,TRUE,0,2,78,259974,22221111,10340761,TRUE,0
"cloud","clustered",8,10000,"none",Inf,5,38915719,"lazy","ok",0.6401,77.6,3333,1421.8265052838,NA,NA,NA,NA,NA,NA,NA,NA,NA
"cloud","clustered",8,10000,"none",Inf,5,38915719,"dense","ok",1.3472,600.7,3333,1421.8265052838,NA,NA,NA,NA,NA,NA,NA,NA,NA
"cloud","shifted",8,10000,"none",Inf,1,1550417962,"implicit","ok",5.0621,77.8,3333,11986.5500743769,TRUE,0,7,78,680398,22221111,131441645,TRUE,0
"cloud","shifted",8,10000,"none",Inf,1,1550417962,"lazy","ok",56.1963,77.6,3333,11986.5500743769,NA,NA,NA,NA,NA,NA,NA,NA,NA
"cloud","shifted",8,10000,"none",Inf,1,1550417962,"dense","ok",6.21,705.3,3333,11986.5500743769,NA,NA,NA,NA,NA,NA,NA,NA,NA
"cloud","shifted",8,10000,"none",Inf,2,1550417963,"implicit","ok",5.1663,77.8,3333,12242.3023396584,TRUE,0,7,78,685746,22221111,133502221,TRUE,0
"cloud","shifted",8,10000,"none",Inf,2,1550417963,"lazy","ok",52.3933,77.6,3333,12242.3023396584,NA,NA,NA,NA,NA,NA,NA,NA,NA
"cloud","shifted",8,10000,"none",Inf,2,1550417963,"dense","ok",5.8637,705.3,3333,12242.3023396584,NA,NA,NA,NA,NA,NA,NA,NA,NA
"cloud","shifted",8,10000,"none",Inf,3,1550417964,"implicit","ok",5.1896,77.8,3333,12240.5145428896,TRUE,0,7,78,690616,22221111,132231658,TRUE,0
"cloud","shifted",8,10000,"none",Inf,3,1550417964,"lazy","ok",53.848,77.6,3333,12240.5145428896,NA,NA,NA,NA,NA,NA,NA,NA,NA
"cloud","shifted",8,10000,"none",Inf,3,1550417964,"dense","ok",6.0174,600.7,3333,12240.5145428896,NA,NA,NA,NA,NA,NA,NA,NA,NA
"cloud","shifted",8,10000,"none",Inf,4,1550417965,"implicit","ok",4.9804,77.8,3333,12171.9871240547,TRUE,0,7,78,688717,22221111,131509675,TRUE,0
"cloud","shifted",8,10000,"none",Inf,4,1550417965,"lazy","ok",50.5169,77.6,3333,12171.9871240547,NA,NA,NA,NA,NA,NA,NA,NA,NA
"cloud","shifted",8,10000,"none",Inf,4,1550417965,"dense","ok",5.7187,705.3,3333,12171.9871240547,NA,NA,NA,NA,NA,NA,NA,NA,NA
"cloud","shifted",8,10000,"none",Inf,5,1550417966,"implicit","ok",5.105,77.8,3333,12076.6469454734,TRUE,0,7,78,684325,22221111,129544248,TRUE,3.63797880709171e-12
"cloud","shifted",8,10000,"none",Inf,5,1550417966,"lazy","ok",53.3703,77.6,3333,12076.6469454734,NA,NA,NA,NA,NA,NA,NA,NA,NA
"cloud","shifted",8,10000,"none",Inf,5,1550417966,"dense","ok",5.9376,600.7,3333,12076.6469454734,NA,NA,NA,NA,NA,NA,NA,NA,NA
"cloud","lattice_ties",8,10000,"none",Inf,1,1458030463,"implicit","ok",1.1774,77.8,3333,3994.03222391775,TRUE,0,2,78,259974,22221111,39867390,TRUE,0
"cloud","lattice_ties",8,10000,"none",Inf,1,1458030463,"lazy","ok",1.8714,77.6,3333,3994.03222391775,NA,NA,NA,NA,NA,NA,NA,NA,NA
"cloud","lattice_ties",8,10000,"none",Inf,1,1458030463,"dense","ok",1.4564,705.3,3333,3994.03222391775,NA,NA,NA,NA,NA,NA,NA,NA,NA
"cloud","lattice_ties",8,10000,"none",Inf,2,1458030464,"implicit","ok",1.169,77.8,3333,4066.7096197128,TRUE,0,2,78,259974,22221111,39523103,TRUE,0
"cloud","lattice_ties",8,10000,"none",Inf,2,1458030464,"lazy","ok",1.9809,77.6,3333,4066.7096197128,NA,NA,NA,NA,NA,NA,NA,NA,NA
"cloud","lattice_ties",8,10000,"none",Inf,2,1458030464,"dense","ok",1.4551,705.3,3333,4066.7096197128,NA,NA,NA,NA,NA,NA,NA,NA,NA
"cloud","lattice_ties",8,10000,"none",Inf,3,1458030465,"implicit","ok",1.1696,77.8,3333,4017.3494345433,TRUE,0,2,78,259974,22221111,39629906,TRUE,0
"cloud","lattice_ties",8,10000,"none",Inf,3,1458030465,"lazy","ok",1.9202,77.6,3333,4017.3494345433,NA,NA,NA,NA,NA,NA,NA,NA,NA
"cloud","lattice_ties",8,10000,"none",Inf,3,1458030465,"dense","ok",1.4585,705.3,3333,4017.3494345433,NA,NA,NA,NA,NA,NA,NA,NA,NA
"cloud","lattice_ties",8,10000,"none",Inf,4,1458030466,"implicit","ok",1.1652,77.8,3333,4049.34938185215,TRUE,0,2,78,259974,22221111,39665637,TRUE,0
"cloud","lattice_ties",8,10000,"none",Inf,4,1458030466,"lazy","ok",1.9236,77.6,3333,4049.34938185215,NA,NA,NA,NA,NA,NA,NA,NA,NA
"cloud","lattice_ties",8,10000,"none",Inf,4,1458030466,"dense","ok",1.4723,705.3,3333,4049.34938185215,NA,NA,NA,NA,NA,NA,NA,NA,NA
"cloud","lattice_ties",8,10000,"none",Inf,5,1458030467,"implicit","ok",1.1727,77.8,3333,4031.6786280352,TRUE,0,2,78,259974,22221111,39774006,TRUE,0
"cloud","lattice_ties",8,10000,"none",Inf,5,1458030467,"lazy","ok",1.8758,77.6,3333,4031.6786280352,NA,NA,NA,NA,NA,NA,NA,NA,NA
"cloud","lattice_ties",8,10000,"none",Inf,5,1458030467,"dense","ok",1.4612,600.7,3333,4031.6786280352,NA,NA,NA,NA,NA,NA,NA,NA,NA
"cloud","heavy_tailed",8,10000,"none",Inf,1,691369222,"implicit","ok",0.9343,77.8,3333,1833.88265567147,TRUE,0,2,78,259974,22221111,43960065,TRUE,0
"cloud","heavy_tailed",8,10000,"none",Inf,1,691369222,"lazy","ok",0.9756,77.7,3333,1833.88265567147,NA,NA,NA,NA,NA,NA,NA,NA,NA
"cloud","heavy_tailed",8,10000,"none",Inf,1,691369222,"dense","ok",1.3783,705.3,3333,1833.88265567147,NA,NA,NA,NA,NA,NA,NA,NA,NA
"cloud","heavy_tailed",8,10000,"none",Inf,2,691369223,"implicit","ok",0.9346,77.8,3333,2087.87252675864,TRUE,0,2,78,259974,22221111,44061261,TRUE,0
"cloud","heavy_tailed",8,10000,"none",Inf,2,691369223,"lazy","ok",0.9454,77.7,3333,2087.87252675864,NA,NA,NA,NA,NA,NA,NA,NA,NA
"cloud","heavy_tailed",8,10000,"none",Inf,2,691369223,"dense","ok",1.3744,705.3,3333,2087.87252675864,NA,NA,NA,NA,NA,NA,NA,NA,NA
"cloud","heavy_tailed",8,10000,"none",Inf,3,691369224,"implicit","ok",0.9554,77.8,3333,2498.05313050792,TRUE,0,2,78,259974,22221111,44168586,TRUE,0
"cloud","heavy_tailed",8,10000,"none",Inf,3,691369224,"lazy","ok",0.8906,77.7,3333,2498.05313050792,NA,NA,NA,NA,NA,NA,NA,NA,NA
"cloud","heavy_tailed",8,10000,"none",Inf,3,691369224,"dense","ok",1.3891,705.3,3333,2498.05313050792,NA,NA,NA,NA,NA,NA,NA,NA,NA
"cloud","heavy_tailed",8,10000,"none",Inf,4,691369225,"implicit","ok",0.9406,77.8,3333,2110.47177754712,TRUE,0,2,78,259974,22221111,44177399,TRUE,0
"cloud","heavy_tailed",8,10000,"none",Inf,4,691369225,"lazy","ok",0.9689,77.7,3333,2110.47177754712,NA,NA,NA,NA,NA,NA,NA,NA,NA
"cloud","heavy_tailed",8,10000,"none",Inf,4,691369225,"dense","ok",1.3753,600.7,3333,2110.47177754712,NA,NA,NA,NA,NA,NA,NA,NA,NA
"cloud","heavy_tailed",8,10000,"none",Inf,5,691369226,"implicit","ok",0.9404,77.8,3333,2215.44067455132,TRUE,0,2,78,259974,22221111,44114384,TRUE,0
"cloud","heavy_tailed",8,10000,"none",Inf,5,691369226,"lazy","ok",0.896,77.7,3333,2215.44067455132,NA,NA,NA,NA,NA,NA,NA,NA,NA
"cloud","heavy_tailed",8,10000,"none",Inf,5,691369226,"dense","ok",1.3973,705.3,3333,2215.44067455132,NA,NA,NA,NA,NA,NA,NA,NA,NA
"cloud","contested",8,10000,"none",Inf,1,1423252260,"implicit","ok",131.0078,77.8,3333,8470.15848584481,TRUE,0,10,78,16285172,22221111,148993111,TRUE,1.81898940354586e-12
"cloud","contested",8,10000,"none",Inf,1,1423252260,"lazy","ok",414.3625,77.7,3333,8470.15848584481,NA,NA,NA,NA,NA,NA,NA,NA,NA
"cloud","contested",8,10000,"none",Inf,1,1423252260,"dense","ok",37.9057,705.3,3333,8470.15848584481,NA,NA,NA,NA,NA,NA,NA,NA,NA
"cloud","contested",8,10000,"none",Inf,2,1423252261,"implicit","ok",130.6174,77.8,3333,8503.12945637948,TRUE,0,9,78,16292064,22221111,140012936,TRUE,1.81898940354586e-12
"cloud","contested",8,10000,"none",Inf,2,1423252261,"lazy","ok",414.4524,77.7,3333,8503.12945637948,NA,NA,NA,NA,NA,NA,NA,NA,NA
"cloud","contested",8,10000,"none",Inf,2,1423252261,"dense","ok",37.896,705.3,3333,8503.12945637949,NA,NA,NA,NA,NA,NA,NA,NA,NA
"cloud","contested",8,10000,"none",Inf,3,1423252262,"implicit","ok",131.4049,77.8,3333,8460.34992840047,TRUE,0,10,78,16298471,22221111,149483896,TRUE,0
"cloud","contested",8,10000,"none",Inf,3,1423252262,"lazy","ok",419.0446,77.7,3333,8460.34992840047,NA,NA,NA,NA,NA,NA,NA,NA,NA
"cloud","contested",8,10000,"none",Inf,3,1423252262,"dense","ok",38.3577,600.7,3333,8460.34992840047,NA,NA,NA,NA,NA,NA,NA,NA,NA
"cloud","contested",8,10000,"none",Inf,4,1423252263,"implicit","ok",131.8099,77.8,3333,8424.94919154223,TRUE,0,10,78,16300206,22221111,148327732,TRUE,0
"cloud","contested",8,10000,"none",Inf,4,1423252263,"lazy","ok",419.369,77.7,3333,8424.94919154223,NA,NA,NA,NA,NA,NA,NA,NA,NA
"cloud","contested",8,10000,"none",Inf,4,1423252263,"dense","ok",38.3758,705.3,3333,8424.94919154223,NA,NA,NA,NA,NA,NA,NA,NA,NA
"cloud","contested",8,10000,"none",Inf,5,1423252264,"implicit","ok",130.6613,77.8,3333,8465.46889956274,TRUE,0,9,78,16290642,22221111,139574906,TRUE,1.81898940354586e-12
"cloud","contested",8,10000,"none",Inf,5,1423252264,"lazy","ok",419.4764,77.7,3333,8465.46889956274,NA,NA,NA,NA,NA,NA,NA,NA,NA
"cloud","contested",8,10000,"none",Inf,5,1423252264,"dense","ok",38.3365,705.3,3333,8465.46889956274,NA,NA,NA,NA,NA,NA,NA,NA,NA
"cloud","shell",8,10000,"none",Inf,1,1794990142,"implicit","ok",2.1146,77.8,3333,11208.0661955696,TRUE,0,4,78,260377,22221111,88364123,TRUE,0
"cloud","shell",8,10000,"none",Inf,1,1794990142,"lazy","ok",10.6399,77.7,3333,11208.0661955696,NA,NA,NA,NA,NA,NA,NA,NA,NA
"cloud","shell",8,10000,"none",Inf,1,1794990142,"dense","ok",2.3183,705.3,3333,11208.0661955696,NA,NA,NA,NA,NA,NA,NA,NA,NA
"cloud","shell",8,10000,"none",Inf,2,1794990143,"implicit","ok",3.5883,77.8,3333,11193.8169179499,TRUE,0,7,78,266595,22221111,154221961,TRUE,0
"cloud","shell",8,10000,"none",Inf,2,1794990143,"lazy","ok",14.5261,77.7,3333,11193.8169179499,NA,NA,NA,NA,NA,NA,NA,NA,NA
"cloud","shell",8,10000,"none",Inf,2,1794990143,"dense","ok",2.665,705.3,3333,11193.8169179499,NA,NA,NA,NA,NA,NA,NA,NA,NA
"cloud","shell",8,10000,"none",Inf,3,1794990144,"implicit","ok",3.6176,77.8,3333,11192.5875246889,TRUE,0,6,78,627794,22221111,119551227,TRUE,3.63797880709171e-12
"cloud","shell",8,10000,"none",Inf,3,1794990144,"lazy","ok",19.4294,77.7,3333,11192.5875246889,NA,NA,NA,NA,NA,NA,NA,NA,NA
"cloud","shell",8,10000,"none",Inf,3,1794990144,"dense","ok",3.0921,600.7,3333,11192.5875246889,NA,NA,NA,NA,NA,NA,NA,NA,NA
"cloud","shell",8,10000,"none",Inf,4,1794990145,"implicit","ok",2.8518,77.8,3333,11190.489531139,TRUE,0,5,78,262818,22221111,110320107,TRUE,0
"cloud","shell",8,10000,"none",Inf,4,1794990145,"lazy","ok",18.6744,77.7,3333,11190.489531139,NA,NA,NA,NA,NA,NA,NA,NA,NA
"cloud","shell",8,10000,"none",Inf,4,1794990145,"dense","ok",3.0124,705.3,3333,11190.489531139,NA,NA,NA,NA,NA,NA,NA,NA,NA
"cloud","shell",8,10000,"none",Inf,5,1794990146,"implicit","ok",2.7201,77.8,3333,11196.6465340671,TRUE,0,5,78,261354,22221111,110322970,TRUE,0
"cloud","shell",8,10000,"none",Inf,5,1794990146,"lazy","ok",12.226,77.7,3333,11196.6465340671,NA,NA,NA,NA,NA,NA,NA,NA,NA
"cloud","shell",8,10000,"none",Inf,5,1794990146,"dense","ok",2.4577,705.3,3333,11196.6465340671,NA,NA,NA,NA,NA,NA,NA,NA,NA
"caliper","gaussian",8,10000,"none",Inf,1,164728213,"implicit","ok",0.9475,77.8,3333,4024.6108516031,TRUE,0,2,78,259974,22221111,39920370,TRUE,0
"caliper","gaussian",8,10000,"none",Inf,1,164728213,"lazy","ok",1.6382,77.7,3333,4024.6108516031,NA,NA,NA,NA,NA,NA,NA,NA,NA
"caliper","gaussian",8,10000,"none",Inf,1,164728213,"dense","ok",1.4578,705.3,3333,4024.6108516031,NA,NA,NA,NA,NA,NA,NA,NA,NA
"caliper","gaussian",8,10000,"none",Inf,2,164728214,"implicit","ok",0.9336,77.8,3333,4032.15562547006,TRUE,0,2,78,259974,22221111,39504475,TRUE,0
"caliper","gaussian",8,10000,"none",Inf,2,164728214,"lazy","ok",1.7329,77.7,3333,4032.15562547006,NA,NA,NA,NA,NA,NA,NA,NA,NA
"caliper","gaussian",8,10000,"none",Inf,2,164728214,"dense","ok",1.4673,600.7,3333,4032.15562547006,NA,NA,NA,NA,NA,NA,NA,NA,NA
"caliper","gaussian",8,10000,"none",Inf,3,164728215,"implicit","ok",0.9422,77.8,3333,4048.90421495389,TRUE,0,2,78,259974,22221111,39729304,TRUE,0
"caliper","gaussian",8,10000,"none",Inf,3,164728215,"lazy","ok",1.7454,77.7,3333,4048.90421495389,NA,NA,NA,NA,NA,NA,NA,NA,NA
"caliper","gaussian",8,10000,"none",Inf,3,164728215,"dense","ok",1.476,705.3,3333,4048.90421495389,NA,NA,NA,NA,NA,NA,NA,NA,NA
"caliper","gaussian",8,10000,"none",Inf,4,164728216,"implicit","ok",0.9385,77.8,3333,4054.5196080073,TRUE,0,2,78,259974,22221111,39848069,TRUE,0
"caliper","gaussian",8,10000,"none",Inf,4,164728216,"lazy","ok",1.8197,77.7,3333,4054.5196080073,NA,NA,NA,NA,NA,NA,NA,NA,NA
"caliper","gaussian",8,10000,"none",Inf,4,164728216,"dense","ok",1.4632,705.3,3333,4054.5196080073,NA,NA,NA,NA,NA,NA,NA,NA,NA
"caliper","gaussian",8,10000,"none",Inf,5,164728217,"implicit","ok",0.9448,77.8,3333,4010.27066877695,TRUE,0,2,78,259974,22221111,39759869,TRUE,4.54747350886464e-13
"caliper","gaussian",8,10000,"none",Inf,5,164728217,"lazy","ok",1.5043,77.7,3333,4010.27066877695,NA,NA,NA,NA,NA,NA,NA,NA,NA
"caliper","gaussian",8,10000,"none",Inf,5,164728217,"dense","ok",1.4519,705.3,3333,4010.27066877695,NA,NA,NA,NA,NA,NA,NA,NA,NA
"caliper","gaussian",8,10000,"boundary",2.94385752405285,1,1377387905,"implicit","ok",0.9932,77.9,3333,4045.87986157681,TRUE,0,2,78,255809,22221111,6834171,TRUE,0
"caliper","gaussian",8,10000,"boundary",2.94385752405285,1,1377387905,"lazy","ok",1.6258,77.7,3333,4045.87986157681,NA,NA,NA,NA,NA,NA,NA,NA,NA
"caliper","gaussian",8,10000,"boundary",2.94385752405285,1,1377387905,"dense","ok",1.6186,794,3333,4045.87986157681,NA,NA,NA,NA,NA,NA,NA,NA,NA
"caliper","gaussian",8,10000,"boundary",2.89395527242596,2,1377387906,"implicit","ok",0.9762,77.9,3333,4005.78865887059,TRUE,0,2,78,254443,22221111,6460638,TRUE,4.54747350886464e-13
"caliper","gaussian",8,10000,"boundary",2.89395527242596,2,1377387906,"lazy","ok",1.4702,77.7,3333,4005.78865887059,NA,NA,NA,NA,NA,NA,NA,NA,NA
"caliper","gaussian",8,10000,"boundary",2.89395527242596,2,1377387906,"dense","ok",1.5878,805.1,3333,4005.78865887059,NA,NA,NA,NA,NA,NA,NA,NA,NA
"caliper","gaussian",8,10000,"boundary",2.71697809668463,3,1377387907,"implicit","ok",0.9263,77.9,3333,4016.84333210938,TRUE,0,2,78,249099,22221111,4602733,TRUE,0
"caliper","gaussian",8,10000,"boundary",2.71697809668463,3,1377387907,"lazy","ok",1.4788,77.7,3333,4016.84333210938,NA,NA,NA,NA,NA,NA,NA,NA,NA
"caliper","gaussian",8,10000,"boundary",2.71697809668463,3,1377387907,"dense","ok",1.5588,775.2,3333,4016.84333210938,NA,NA,NA,NA,NA,NA,NA,NA,NA
"caliper","gaussian",8,10000,"boundary",3.66655992359522,4,1377387908,"implicit","ok",1.1322,77.9,3333,4026.88004857852,TRUE,0,2,78,259633,22221111,17590830,TRUE,0
"caliper","gaussian",8,10000,"boundary",3.66655992359522,4,1377387908,"lazy","ok",1.8465,77.7,3333,4026.88004857852,NA,NA,NA,NA,NA,NA,NA,NA,NA
"caliper","gaussian",8,10000,"boundary",3.66655992359522,4,1377387908,"dense","ok",1.7195,724.7,3333,4026.88004857852,NA,NA,NA,NA,NA,NA,NA,NA,NA
"caliper","gaussian",8,10000,"boundary",3.30595308166007,5,1377387909,"implicit","ok",1.0777,77.9,3333,4008.19845227643,TRUE,0,2,78,258789,22221111,11960186,TRUE,0
"caliper","gaussian",8,10000,"boundary",3.30595308166007,5,1377387909,"lazy","ok",1.8127,77.7,3333,4008.19845227643,NA,NA,NA,NA,NA,NA,NA,NA,NA
"caliper","gaussian",8,10000,"boundary",3.30595308166007,5,1377387909,"dense","ok",1.6355,838.3,3333,4008.19845227643,NA,NA,NA,NA,NA,NA,NA,NA,NA
"caliper","gaussian",8,10000,"mid",3.48619592683804,1,979708944,"implicit","ok",1.1111,77.9,3333,4058.08402389866,TRUE,0,2,78,259031,22221111,14612073,TRUE,0
"caliper","gaussian",8,10000,"mid",3.48619592683804,1,979708944,"lazy","ok",2.162,77.7,3333,4058.08402389866,NA,NA,NA,NA,NA,NA,NA,NA,NA
"caliper","gaussian",8,10000,"mid",3.48619592683804,1,979708944,"dense","ok",1.7004,942.3,3333,4058.08402389866,NA,NA,NA,NA,NA,NA,NA,NA,NA
"caliper","gaussian",8,10000,"mid",2.73718009292305,2,979708945,"implicit","ok",0.9293,77.9,3333,4043.73550514236,TRUE,0,2,78,249964,22221111,4766254,TRUE,4.54747350886464e-13
"caliper","gaussian",8,10000,"mid",2.73718009292305,2,979708945,"lazy","ok",1.5099,77.7,3333,4043.73550514236,NA,NA,NA,NA,NA,NA,NA,NA,NA
"caliper","gaussian",8,10000,"mid",2.73718009292305,2,979708945,"dense","ok",1.5523,905.4,3333,4043.73550514236,NA,NA,NA,NA,NA,NA,NA,NA,NA
"caliper","gaussian",8,10000,"mid",2.84832210432229,3,979708946,"implicit","ok",0.9609,77.9,3333,4002.82611031397,TRUE,0,2,78,253719,22221111,5909000,TRUE,0
"caliper","gaussian",8,10000,"mid",2.84832210432229,3,979708946,"lazy","ok",1.5159,77.7,3333,4002.82611031397,NA,NA,NA,NA,NA,NA,NA,NA,NA
"caliper","gaussian",8,10000,"mid",2.84832210432229,3,979708946,"dense","ok",1.6003,977.2,3333,4002.82611031397,NA,NA,NA,NA,NA,NA,NA,NA,NA
"caliper","gaussian",8,10000,"mid",3.36312376567322,4,979708947,"implicit","ok",1.0984,77.9,3333,4033.74936008033,TRUE,0,2,78,259290,22221111,12679204,TRUE,9.09494701772928e-13
"caliper","gaussian",8,10000,"mid",3.36312376567322,4,979708947,"lazy","ok",1.9874,77.7,3333,4033.74936008033,NA,NA,NA,NA,NA,NA,NA,NA,NA
"caliper","gaussian",8,10000,"mid",3.36312376567322,4,979708947,"dense","ok",1.6865,766.3,3333,4033.74936008033,NA,NA,NA,NA,NA,NA,NA,NA,NA
"caliper","gaussian",8,10000,"mid",3.28102222418674,5,979708948,"implicit","ok",1.0678,77.9,3333,4025.7900420853,TRUE,0,2,78,258415,22221111,11428882,TRUE,0
"caliper","gaussian",8,10000,"mid",3.28102222418674,5,979708948,"lazy","ok",1.7638,77.7,3333,4025.7900420853,NA,NA,NA,NA,NA,NA,NA,NA,NA
"caliper","gaussian",8,10000,"mid",3.28102222418674,5,979708948,"dense","ok",1.6829,796.1,3333,4025.7900420853,NA,NA,NA,NA,NA,NA,NA,NA,NA
"size","gaussian",8,2000,"none",Inf,1,2039842577,"implicit","ok",0.0512,74.4,667,982.044545754835,TRUE,0,2,66,44022,889111,1765715,TRUE,0
"size","gaussian",8,2000,"none",Inf,1,2039842577,"lazy","ok",0.0522,74.2,667,982.044545754835,NA,NA,NA,NA,NA,NA,NA,NA,NA
"size","gaussian",8,2000,"none",Inf,1,2039842577,"dense","ok",0.0622,328.6,667,982.044545754835,NA,NA,NA,NA,NA,NA,NA,NA,NA
"size","gaussian",8,2000,"none",Inf,2,2039842578,"implicit","ok",0.0521,74.1,667,1003.78408174389,TRUE,0,2,66,44022,889111,1766564,TRUE,0
"size","gaussian",8,2000,"none",Inf,2,2039842578,"lazy","ok",0.0633,73.9,667,1003.78408174389,NA,NA,NA,NA,NA,NA,NA,NA,NA
"size","gaussian",8,2000,"none",Inf,2,2039842578,"dense","ok",0.0639,328.3,667,1003.78408174389,NA,NA,NA,NA,NA,NA,NA,NA,NA
"size","gaussian",8,2000,"none",Inf,3,2039842579,"implicit","ok",0.0519,74.1,667,993.116039615264,TRUE,0,2,66,44022,889111,1768558,TRUE,0
"size","gaussian",8,2000,"none",Inf,3,2039842579,"lazy","ok",0.0622,73.9,667,993.116039615264,NA,NA,NA,NA,NA,NA,NA,NA,NA
"size","gaussian",8,2000,"none",Inf,3,2039842579,"dense","ok",0.0637,328.3,667,993.116039615264,NA,NA,NA,NA,NA,NA,NA,NA,NA
"size","gaussian",8,5000,"none",Inf,1,164383900,"implicit","ok",0.2661,75.5,1667,2182.48943935896,TRUE,0,2,72,120024,5556111,10615241,TRUE,0
"size","gaussian",8,5000,"none",Inf,1,164383900,"lazy","ok",0.3075,75.3,1667,2182.48943935896,NA,NA,NA,NA,NA,NA,NA,NA,NA
"size","gaussian",8,5000,"none",Inf,1,164383900,"dense","ok",0.3398,698,1667,2182.48943935896,NA,NA,NA,NA,NA,NA,NA,NA,NA
"size","gaussian",8,5000,"none",Inf,2,164383901,"implicit","ok",0.2664,75.5,1667,2209.41379547956,TRUE,0,2,72,120024,5556111,10721476,TRUE,4.54747350886464e-13
"size","gaussian",8,5000,"none",Inf,2,164383901,"lazy","ok",0.3605,75.3,1667,2209.41379547956,NA,NA,NA,NA,NA,NA,NA,NA,NA
"size","gaussian",8,5000,"none",Inf,2,164383901,"dense","ok",0.3672,698,1667,2209.41379547956,NA,NA,NA,NA,NA,NA,NA,NA,NA
"size","gaussian",8,5000,"none",Inf,3,164383902,"implicit","ok",0.2674,75.5,1667,2199.89140683493,TRUE,0,2,72,120024,5556111,10678957,TRUE,0
"size","gaussian",8,5000,"none",Inf,3,164383902,"lazy","ok",0.3866,75.3,1667,2199.89140683493,NA,NA,NA,NA,NA,NA,NA,NA,NA
"size","gaussian",8,5000,"none",Inf,3,164383902,"dense","ok",0.3409,568,1667,2199.89140683493,NA,NA,NA,NA,NA,NA,NA,NA,NA
"size","gaussian",8,10000,"none",Inf,1,164728213,"implicit","ok",0.9429,77.8,3333,4024.6108516031,TRUE,0,2,78,259974,22221111,39920370,TRUE,0
"size","gaussian",8,10000,"none",Inf,1,164728213,"lazy","ok",1.6394,77.7,3333,4024.6108516031,NA,NA,NA,NA,NA,NA,NA,NA,NA
"size","gaussian",8,10000,"none",Inf,1,164728213,"dense","ok",1.4634,613.7,3333,4024.6108516031,NA,NA,NA,NA,NA,NA,NA,NA,NA
"size","gaussian",8,10000,"none",Inf,2,164728214,"implicit","ok",0.9358,77.9,3333,4032.15562547006,TRUE,0,2,78,259974,22221111,39504475,TRUE,0
"size","gaussian",8,10000,"none",Inf,2,164728214,"lazy","ok",1.7299,77.7,3333,4032.15562547006,NA,NA,NA,NA,NA,NA,NA,NA,NA
"size","gaussian",8,10000,"none",Inf,2,164728214,"dense","ok",1.4738,657.7,3333,4032.15562547006,NA,NA,NA,NA,NA,NA,NA,NA,NA
"size","gaussian",8,10000,"none",Inf,3,164728215,"implicit","ok",0.9379,77.9,3333,4048.90421495389,TRUE,0,2,78,259974,22221111,39729304,TRUE,0
"size","gaussian",8,10000,"none",Inf,3,164728215,"lazy","ok",1.7471,77.7,3333,4048.90421495389,NA,NA,NA,NA,NA,NA,NA,NA,NA
"size","gaussian",8,10000,"none",Inf,3,164728215,"dense","ok",1.4756,706.6,3333,4048.90421495389,NA,NA,NA,NA,NA,NA,NA,NA,NA
"size","gaussian",8,20000,"none",Inf,1,1009519236,"implicit","ok",3.3447,82.6,6667,7387.18820882629,TRUE,0,2,84,560028,88891111,144281413,NA,NA
"size","gaussian",8,20000,"none",Inf,1,1009519236,"lazy","ok",7.5623,82.4,6667,7387.18820882629,NA,NA,NA,NA,NA,NA,NA,NA,NA
"size","gaussian",8,20000,"none",Inf,2,1009519237,"implicit","ok",3.3135,82.6,6667,7405.15770146387,TRUE,0,2,84,560028,88891111,142976404,NA,NA
"size","gaussian",8,20000,"none",Inf,2,1009519237,"lazy","ok",7.8055,82.4,6667,7405.15770146387,NA,NA,NA,NA,NA,NA,NA,NA,NA
"size","gaussian",8,20000,"none",Inf,3,1009519238,"implicit","ok",3.3012,82.6,6667,7425.4571614672,TRUE,0,2,84,560028,88891111,141786197,NA,NA
"size","gaussian",8,20000,"none",Inf,3,1009519238,"lazy","ok",7.3849,82.4,6667,7425.4571614672,NA,NA,NA,NA,NA,NA,NA,NA,NA
"size","gaussian",8,50000,"none",Inf,1,1396408658,"implicit","ok",17.1209,97.4,16667,16609.3902121195,TRUE,0,2,96,1600032,555561111,738585501,NA,NA
"size","gaussian",8,50000,"none",Inf,1,1396408658,"lazy","ok",58.0023,97.1,16667,16609.3902121195,NA,NA,NA,NA,NA,NA,NA,NA,NA
"size","gaussian",8,50000,"none",Inf,2,1396408659,"implicit","ok",24.9197,97.6,16667,16712.0628994509,TRUE,0,3,96,1600033,555561111,1077576282,NA,NA
"size","gaussian",8,50000,"none",Inf,2,1396408659,"lazy","ok",64.3807,97.3,16667,16712.0628994509,NA,NA,NA,NA,NA,NA,NA,NA,NA
"size","gaussian",8,50000,"none",Inf,3,1396408660,"implicit","ok",24.9797,97.6,16667,16692.3883348548,TRUE,3.63797880709171e-12,3,96,1600033,555561111,1082185291,NA,NA
"size","gaussian",8,50000,"none",Inf,3,1396408660,"lazy","ok",63.2894,97.3,16667,16692.3883348548,NA,NA,NA,NA,NA,NA,NA,NA,NA
