"method","label","family","n","min_ms"
"auction","Auction","Auction",10,0.028126
"auction","Auction","Auction",25,0.036285
"auction","Auction","Auction",50,0.074784
"auction","Auction","Auction",100,0.313691
"auction","Auction","Auction",200,1.172231
"auction","Auction","Auction",500,9.154111
"auction","Auction","Auction",1000,35.387305
"auction_gs","Auction-GS","Auction",10,0.044444
"auction_gs","Auction-GS","Auction",25,0.05617
"auction_gs","Auction-GS","Auction",50,0.09963
"auction_gs","Auction-GS","Auction",100,0.35014
"auction_gs","Auction-GS","Auction",200,1.284038
"auction_gs","Auction-GS","Auction",500,10.246269
"auction_gs","Auction-GS","Auction",1000,37.063344
"auction_scaled","Auction-S","Auction",10,0.02829
"auction_scaled","Auction-S","Auction",25,0.036695
"auction_scaled","Auction-S","Auction",50,0.073841
"auction_scaled","Auction-S","Auction",100,0.292043
"auction_scaled","Auction-S","Auction",200,1.17424
"auction_scaled","Auction-S","Auction",500,9.130249
"auction_scaled","Auction-S","Auction",1000,35.462171
"auto","auto","Auto",10,0.032636
"auto","auto","Auto",25,0.035916
"auto","auto","Auto",50,0.051783
"auto","auto","Auto",100,0.119269
"auto","auto","Auto",200,0.586259
"auto","auto","Auto",500,3.526287
"auto","auto","Auto",1000,16.497949
"auto","auto","Auto",2000,84.252663
"auto","auto","Auto",5000,754.261256
"bruteforce","Brute-F","Special-purpose",4,0.025133
"bruteforce","Brute-F","Special-purpose",6,0.027347
"bruteforce","Brute-F","Special-purpose",8,0.200531
"csa","CSA","Cost scaling",10,0.028495
"csa","CSA","Cost scaling",25,0.042968
"csa","CSA","Cost scaling",50,0.086797
"csa","CSA","Cost scaling",100,0.347598
"csa","CSA","Cost scaling",200,0.97703
"csa","CSA","Cost scaling",500,7.412964
"csa","CSA","Cost scaling",1000,27.024699
"csa","CSA","Cost scaling",2000,114.32932
"csa","CSA","Cost scaling",5000,866.759147
"csflow","CS-flow","Flow-based",10,0.031365
"csflow","CS-flow","Flow-based",25,0.052726
"csflow","CS-flow","Flow-based",50,0.135587
"csflow","CS-flow","Flow-based",100,0.727094
"csflow","CS-flow","Flow-based",200,3.213539
"csflow","CS-flow","Flow-based",500,18.869184
"csflow","CS-flow","Flow-based",1000,84.502312
"cycle_cancel","Cycle-C","Flow-based",10,0.039319
"cycle_cancel","Cycle-C","Flow-based",25,0.096555
"cycle_cancel","Cycle-C","Flow-based",50,0.3772
"cycle_cancel","Cycle-C","Flow-based",100,2.551922
"cycle_cancel","Cycle-C","Flow-based",200,18.282023
"cycle_cancel","Cycle-C","Flow-based",500,259.323524
"cycle_cancel","Cycle-C","Flow-based",1000,2041.216652
"gabow_tarjan","Gabow-T","Cost scaling",10,0.070028
"gabow_tarjan","Gabow-T","Cost scaling",25,0.212339
"gabow_tarjan","Gabow-T","Cost scaling",50,0.683142
"gabow_tarjan","Gabow-T","Cost scaling",100,3.840265
"gabow_tarjan","Gabow-T","Cost scaling",200,15.593694
"gabow_tarjan","Gabow-T","Cost scaling",500,133.563896
"gabow_tarjan","Gabow-T","Cost scaling",1000,626.754167
"hk01","HK-01","Special-purpose",10,0.026281
"hk01","HK-01","Special-purpose",25,0.031365
"hk01","HK-01","Special-purpose",50,0.048421
"hk01","HK-01","Special-purpose",100,0.115784
"hk01","HK-01","Special-purpose",200,0.476297
"hk01","HK-01","Special-purpose",500,3.351668
"hk01","HK-01","Special-purpose",1000,13.858984
"hk01","HK-01","Special-purpose",2000,54.107864
"hk01","HK-01","Special-purpose",5000,399.310357
"hungarian","Hungarian","Classical",10,0.026855
"hungarian","Hungarian","Classical",25,0.033087
"hungarian","Hungarian","Classical",50,0.076424
"hungarian","Hungarian","Classical",100,0.279046
"hungarian","Hungarian","Classical",200,1.323808
"hungarian","Hungarian","Classical",500,6.965162
"hungarian","Hungarian","Classical",1000,31.586892
"hungarian","Hungarian","Classical",2000,171.186808
"jv","JV","JV / Augmenting path",10,0.025666
"jv","JV","JV / Augmenting path",25,0.029725
"jv","JV","JV / Augmenting path",50,0.045059
"jv","JV","JV / Augmenting path",100,0.110659
"jv","JV","JV / Augmenting path",200,0.546899
"jv","JV","JV / Augmenting path",500,3.552527
"jv","JV","JV / Augmenting path",1000,16.448421
"jv","JV","JV / Augmenting path",2000,84.278165
"jv","JV","JV / Augmenting path",5000,748.855242
"lapmod","LAPMOD","JV / Augmenting path",10,0.028167
"lapmod","LAPMOD","JV / Augmenting path",25,0.039934
"lapmod","LAPMOD","JV / Augmenting path",50,0.103361
"lapmod","LAPMOD","JV / Augmenting path",100,0.366376
"lapmod","LAPMOD","JV / Augmenting path",200,1.872511
"lapmod","LAPMOD","JV / Augmenting path",500,9.773744
"lapmod","LAPMOD","JV / Augmenting path",1000,47.099857
"lapmod","LAPMOD","JV / Augmenting path",2000,274.983638
"lapmod","LAPMOD","JV / Augmenting path",5000,2020.036052
"munkres","Munkres","Classical",10,0.027921
"munkres","Munkres","Classical",25,0.055637
"munkres","Munkres","Classical",50,0.245713
"munkres","Munkres","Classical",100,2.859135
"munkres","Munkres","Classical",200,23.08136
"munkres","Munkres","Classical",500,525.643001
"network_simplex","Net-S","Flow-based",10,0.068347
"network_simplex","Net-S","Flow-based",25,0.095325
"network_simplex","Net-S","Flow-based",50,0.331608
"network_simplex","Net-S","Flow-based",100,1.404332
"network_simplex","Net-S","Flow-based",200,7.95974
"network_simplex","Net-S","Flow-based",500,79.247178
"network_simplex","Net-S","Flow-based",1000,841.719053
"push_relabel","Push-R","Flow-based",10,0.040713
"push_relabel","Push-R","Flow-based",25,0.098769
"push_relabel","Push-R","Flow-based",50,0.31939
"push_relabel","Push-R","Flow-based",100,1.692644
"push_relabel","Push-R","Flow-based",200,5.550293
"push_relabel","Push-R","Flow-based",500,76.092269
"push_relabel","Push-R","Flow-based",1000,267.815198
"ramshaw_tarjan","Ramshaw","Rectangular / general",10,0.031201
"ramshaw_tarjan","Ramshaw","Rectangular / general",25,0.049692
"ramshaw_tarjan","Ramshaw","Rectangular / general",50,0.127387
"ramshaw_tarjan","Ramshaw","Rectangular / general",100,0.534435
"ramshaw_tarjan","Ramshaw","Rectangular / general",200,2.365413
"ramshaw_tarjan","Ramshaw","Rectangular / general",500,12.777281
"ramshaw_tarjan","Ramshaw","Rectangular / general",1000,55.344834
"sap","SAP","JV / Augmenting path",10,0.031324
"sap","SAP","JV / Augmenting path",25,0.053833
"sap","SAP","JV / Augmenting path",50,0.142352
"sap","SAP","JV / Augmenting path",100,0.755712
"sap","SAP","JV / Augmenting path",200,3.219484
"sap","SAP","JV / Augmenting path",500,18.600962
"sap","SAP","JV / Augmenting path",1000,84.871107
"sap","SAP","JV / Augmenting path",2000,404.444705
"sap_dense","SAP-D","JV / Augmenting path",10,0.030627
"sap_dense","SAP-D","JV / Augmenting path",25,0.0451
"sap_dense","SAP-D","JV / Augmenting path",50,0.103443
"sap_dense","SAP-D","JV / Augmenting path",100,0.363424
"sap_dense","SAP-D","JV / Augmenting path",200,1.737785
"sap_dense","SAP-D","JV / Augmenting path",500,9.199621
"sap_dense","SAP-D","JV / Augmenting path",1000,43.063694
"ssap_bucket","SSAP-B","Cost scaling",10,0.085362
"ssap_bucket","SSAP-B","Cost scaling",25,0.225131
"ssap_bucket","SSAP-B","Cost scaling",50,0.83804
"ssap_bucket","SSAP-B","Cost scaling",100,3.990366
"ssap_bucket","SSAP-B","Cost scaling",200,23.889921
"ssap_bucket","SSAP-B","Cost scaling",500,292.279652
"ssap_bucket","SSAP-B","Cost scaling",1000,2289.148162
"ssap_bucket","SSAP-B","Cost scaling",2000,18549.243206
