"kind","n","m","method","rep","exact_available","exact_certificate","certified_optimal","arithmetic","n_exact_untight","n_exact_violations","duality_gap","slack_rel","minrc_rel"
"integer",50,50,"jv",1,TRUE,TRUE,TRUE,"exact",0,0,0,0,0
"integer",50,50,"jv",2,TRUE,TRUE,TRUE,"exact",0,0,0,0,0
"integer",50,50,"jv",3,TRUE,TRUE,TRUE,"exact",0,0,0,0,0
"integer",50,50,"jv",4,TRUE,TRUE,TRUE,"exact",0,0,0,0,0
"integer",50,50,"jv",5,TRUE,TRUE,TRUE,"exact",0,0,0,0,0
"integer",50,50,"jv",6,TRUE,TRUE,TRUE,"exact",0,0,0,0,0
"integer",50,50,"jv",7,TRUE,TRUE,TRUE,"exact",0,0,0,0,0
"integer",50,50,"jv",8,TRUE,TRUE,TRUE,"exact",0,0,0,0,0
"integer",50,50,"jv",9,TRUE,TRUE,TRUE,"exact",0,0,0,0,0
"integer",50,50,"jv",10,TRUE,TRUE,TRUE,"exact",0,0,0,0,0
"uniform",50,50,"jv",1,TRUE,TRUE,TRUE,"exact",0,0,0,0,0
"uniform",50,50,"jv",2,TRUE,TRUE,TRUE,"exact",0,0,0,0,0
"uniform",50,50,"jv",3,TRUE,TRUE,TRUE,"exact",0,0,0,0,0
"uniform",50,50,"jv",4,TRUE,TRUE,TRUE,"exact",0,0,0,0,0
"uniform",50,50,"jv",5,TRUE,TRUE,TRUE,"exact",0,0,0,0,0
"uniform",50,50,"jv",6,TRUE,TRUE,TRUE,"exact",0,0,0,0,0
"uniform",50,50,"jv",7,TRUE,TRUE,TRUE,"exact",0,0,0,0,0
"uniform",50,50,"jv",8,TRUE,TRUE,TRUE,"exact",0,0,0,0,0
"uniform",50,50,"jv",9,TRUE,TRUE,TRUE,"exact",0,0,0,0,0
"uniform",50,50,"jv",10,TRUE,TRUE,TRUE,"exact",0,0,0,0,0
"distance",50,50,"jv",1,TRUE,FALSE,TRUE,"double",2,2,0,3.58169826087763e-17,-3.58169826087763e-17
"distance",50,50,"jv",2,TRUE,FALSE,TRUE,"double",18,18,0,1.96302134923694e-16,-1.57041707938955e-16
"distance",50,50,"jv",3,TRUE,FALSE,TRUE,"double",12,14,0,1.55568690198496e-16,-1.55568690198496e-16
"distance",50,50,"jv",4,TRUE,FALSE,TRUE,"double",15,14,0,1.90264589301411e-16,-1.90264589301411e-16
"distance",50,50,"jv",5,TRUE,FALSE,TRUE,"double",11,11,0,2.23599881712873e-16,-2.23599881712873e-16
"distance",50,50,"jv",6,TRUE,FALSE,TRUE,"double",9,5,0,7.48373847558995e-17,-7.48373847558995e-17
"distance",50,50,"jv",7,TRUE,FALSE,TRUE,"double",27,39,0,4.48744913113096e-16,-3.73954094260913e-16
"distance",50,50,"jv",8,TRUE,FALSE,TRUE,"double",14,20,0,3.03316246056457e-16,-3.03316246056457e-16
"distance",50,50,"jv",9,TRUE,FALSE,TRUE,"double",23,31,0,2.24629287714318e-16,-2.99505716952423e-16
"distance",50,50,"jv",10,TRUE,FALSE,TRUE,"double",24,17,0,4.16789437414101e-16,-3.03119590846619e-16
"integer",200,200,"jv",1,TRUE,TRUE,TRUE,"exact",0,0,0,0,0
"integer",200,200,"jv",2,TRUE,TRUE,TRUE,"exact",0,0,0,0,0
"integer",200,200,"jv",3,TRUE,TRUE,TRUE,"exact",0,0,0,0,0
"integer",200,200,"jv",4,TRUE,TRUE,TRUE,"exact",0,0,0,0,0
"integer",200,200,"jv",5,TRUE,TRUE,TRUE,"exact",0,0,0,0,0
"integer",200,200,"jv",6,TRUE,TRUE,TRUE,"exact",0,0,0,0,0
"integer",200,200,"jv",7,TRUE,TRUE,TRUE,"exact",0,0,0,0,0
"integer",200,200,"jv",8,TRUE,TRUE,TRUE,"exact",0,0,0,0,0
"integer",200,200,"jv",9,TRUE,TRUE,TRUE,"exact",0,0,0,0,0
"integer",200,200,"jv",10,TRUE,TRUE,TRUE,"exact",0,0,0,0,0
"uniform",200,200,"jv",1,TRUE,TRUE,TRUE,"exact",0,0,0,0,0
"uniform",200,200,"jv",2,TRUE,TRUE,TRUE,"exact",0,0,0,0,0
"uniform",200,200,"jv",3,TRUE,TRUE,TRUE,"exact",0,0,0,0,0
"uniform",200,200,"jv",4,TRUE,TRUE,TRUE,"exact",0,0,0,0,0
"uniform",200,200,"jv",5,TRUE,TRUE,TRUE,"exact",0,0,0,0,0
"uniform",200,200,"jv",6,TRUE,TRUE,TRUE,"exact",0,0,0,0,0
"uniform",200,200,"jv",7,TRUE,TRUE,TRUE,"exact",0,0,0,0,0
"uniform",200,200,"jv",8,TRUE,TRUE,TRUE,"exact",0,0,0,0,0
"uniform",200,200,"jv",9,TRUE,TRUE,TRUE,"exact",0,0,0,0,0
"uniform",200,200,"jv",10,TRUE,TRUE,TRUE,"exact",0,0,0,0,0
"distance",200,200,"jv",1,TRUE,FALSE,TRUE,"double",61,62,0,6.8455921687449e-16,-4.18341743645522e-16
"distance",200,200,"jv",2,TRUE,FALSE,TRUE,"double",86,84,0,7.58638362353168e-16,-7.58638362353168e-16
"distance",200,200,"jv",3,TRUE,FALSE,TRUE,"double",159,88,8.5265128291212e-14,1.94005400970315e-15,-1.04464446676323e-15
"distance",200,200,"jv",4,TRUE,FALSE,TRUE,"double",101,72,0,5.04841062516946e-16,-5.04841062516946e-16
"distance",200,200,"jv",5,TRUE,FALSE,TRUE,"double",69,60,-2.8421709430404e-14,7.04497039053271e-16,-7.04497039053271e-16
"distance",200,200,"jv",6,TRUE,FALSE,TRUE,"double",52,52,0,6.18526728798221e-16,-3.86579205498888e-16
"distance",200,200,"jv",7,TRUE,FALSE,TRUE,"double",168,72,8.5265128291212e-14,1.8897786980434e-15,-9.54433685880506e-16
"distance",200,200,"jv",8,TRUE,FALSE,TRUE,"double",92,63,0,1.06249656817586e-15,-2.93102501565754e-16
"distance",200,200,"jv",9,TRUE,FALSE,TRUE,"double",158,138,2.8421709430404e-14,1.09976431026921e-15,-7.58458145013251e-16
"distance",200,200,"jv",10,TRUE,FALSE,TRUE,"double",141,104,0,8.95949630480471e-16,-8.95949630480471e-16
"integer",800,800,"jv",1,TRUE,TRUE,TRUE,"exact",0,0,0,0,0
"integer",800,800,"jv",2,TRUE,TRUE,TRUE,"exact",0,0,0,0,0
"integer",800,800,"jv",3,TRUE,TRUE,TRUE,"exact",0,0,0,0,0
"integer",800,800,"jv",4,TRUE,TRUE,TRUE,"exact",0,0,0,0,0
"integer",800,800,"jv",5,TRUE,TRUE,TRUE,"exact",0,0,0,0,0
"integer",800,800,"jv",6,TRUE,TRUE,TRUE,"exact",0,0,0,0,0
"integer",800,800,"jv",7,TRUE,TRUE,TRUE,"exact",0,0,0,0,0
"integer",800,800,"jv",8,TRUE,TRUE,TRUE,"exact",0,0,0,0,0
"integer",800,800,"jv",9,TRUE,TRUE,TRUE,"exact",0,0,0,0,0
"integer",800,800,"jv",10,TRUE,TRUE,TRUE,"exact",0,0,0,0,0
"uniform",800,800,"jv",1,TRUE,TRUE,TRUE,"exact",0,0,0,0,0
"uniform",800,800,"jv",2,TRUE,TRUE,TRUE,"exact",0,0,0,0,0
"uniform",800,800,"jv",3,TRUE,TRUE,TRUE,"exact",0,0,0,0,0
"uniform",800,800,"jv",4,TRUE,TRUE,TRUE,"exact",0,0,0,0,0
"uniform",800,800,"jv",5,TRUE,TRUE,TRUE,"exact",0,0,0,0,0
"uniform",800,800,"jv",6,TRUE,TRUE,TRUE,"exact",0,0,0,0,0
"uniform",800,800,"jv",7,TRUE,TRUE,TRUE,"exact",0,0,0,0,0
"uniform",800,800,"jv",8,TRUE,TRUE,TRUE,"exact",0,0,0,0,0
"uniform",800,800,"jv",9,TRUE,TRUE,TRUE,"exact",0,0,0,0,0
"uniform",800,800,"jv",10,TRUE,TRUE,TRUE,"exact",0,0,0,0,0
"distance",800,800,"jv",1,TRUE,FALSE,TRUE,"double",693,388,2.27373675443232e-13,4.35670553843754e-15,-4.35670553843754e-15
"distance",800,800,"jv",2,TRUE,FALSE,TRUE,"double",709,441,2.27373675443232e-13,6.98098844282087e-15,-6.98098844282087e-15
"distance",800,800,"jv",3,TRUE,FALSE,TRUE,"double",568,309,1.13686837721616e-13,5.99432566461754e-15,-4.62852994356544e-15
"distance",800,800,"jv",4,TRUE,FALSE,TRUE,"double",637,453,1.13686837721616e-13,7.69473444314803e-15,-7.69473444314803e-15
"distance",800,800,"jv",5,TRUE,FALSE,TRUE,"double",694,400,3.41060513164848e-13,4.84533427595952e-15,-3.87626742076761e-15
"distance",800,800,"jv",6,TRUE,FALSE,TRUE,"double",659,468,3.41060513164848e-13,3.07547300137808e-15,-3.07547300137808e-15
"distance",800,800,"jv",7,TRUE,FALSE,TRUE,"double",657,416,1.13686837721616e-13,3.84704815138574e-15,-3.7907498857557e-15
"distance",800,800,"jv",8,TRUE,FALSE,TRUE,"double",728,379,4.54747350886464e-13,7.12367474975434e-15,-4.60070660921634e-15
"distance",800,800,"jv",9,TRUE,FALSE,TRUE,"double",554,466,0,5.43888301502433e-15,-4.48567671342212e-15
"distance",800,800,"jv",10,TRUE,FALSE,TRUE,"double",531,723,0,4.2062394482346e-15,-4.2062394482346e-15
"integer",200,600,"jv",1,TRUE,TRUE,TRUE,"exact",0,0,0,0,0
"integer",200,600,"jv",2,TRUE,TRUE,TRUE,"exact",0,0,0,0,0
"integer",200,600,"jv",3,TRUE,TRUE,TRUE,"exact",0,0,0,0,0
"integer",200,600,"jv",4,TRUE,TRUE,TRUE,"exact",0,0,0,0,0
"integer",200,600,"jv",5,TRUE,TRUE,TRUE,"exact",0,0,0,0,0
"integer",200,600,"jv",6,TRUE,TRUE,TRUE,"exact",0,0,0,0,0
"integer",200,600,"jv",7,TRUE,TRUE,TRUE,"exact",0,0,0,0,0
"integer",200,600,"jv",8,TRUE,TRUE,TRUE,"exact",0,0,0,0,0
"integer",200,600,"jv",9,TRUE,TRUE,TRUE,"exact",0,0,0,0,0
"integer",200,600,"jv",10,TRUE,TRUE,TRUE,"exact",0,0,0,0,0
"uniform",200,600,"jv",1,TRUE,TRUE,TRUE,"exact",0,0,0,0,0
"uniform",200,600,"jv",2,TRUE,TRUE,TRUE,"exact",0,0,0,0,0
"uniform",200,600,"jv",3,TRUE,TRUE,TRUE,"exact",0,0,0,0,0
"uniform",200,600,"jv",4,TRUE,TRUE,TRUE,"exact",0,0,0,0,0
"uniform",200,600,"jv",5,TRUE,TRUE,TRUE,"exact",0,0,0,0,0
"uniform",200,600,"jv",6,TRUE,TRUE,TRUE,"exact",0,0,0,0,0
"uniform",200,600,"jv",7,TRUE,TRUE,TRUE,"exact",0,0,0,0,0
"uniform",200,600,"jv",8,TRUE,TRUE,TRUE,"exact",0,0,0,0,0
"uniform",200,600,"jv",9,TRUE,TRUE,TRUE,"exact",0,0,0,0,0
"uniform",200,600,"jv",10,TRUE,TRUE,TRUE,"exact",0,0,0,0,0
"distance",200,600,"jv",1,TRUE,FALSE,TRUE,"double",5,3,0,3.77432645948384e-17,-3.77432645948384e-17
"distance",200,600,"jv",2,TRUE,FALSE,TRUE,"double",9,7,0,7.53319662083574e-17,-7.53319662083574e-17
"distance",200,600,"jv",3,TRUE,FALSE,TRUE,"double",11,6,0,3.7119787724735e-17,-3.7119787724735e-17
"distance",200,600,"jv",4,TRUE,FALSE,TRUE,"double",7,7,0,3.87633841354233e-17,-3.87633841354233e-17
"distance",200,600,"jv",5,TRUE,FALSE,TRUE,"double",13,15,0,3.76559181611492e-17,-3.76559181611492e-17
"distance",200,600,"jv",6,TRUE,FALSE,TRUE,"double",18,14,0,1.1384766562172e-16,-1.1384766562172e-16
"distance",200,600,"jv",7,TRUE,FALSE,TRUE,"double",4,0,0,1.87858743828081e-17,0
"distance",200,600,"jv",8,TRUE,FALSE,TRUE,"double",11,6,0,7.37081068002622e-17,-1.84270267000655e-16
"distance",200,600,"jv",9,TRUE,FALSE,TRUE,"double",7,5,0,7.55018050039972e-17,-7.55018050039972e-17
"distance",200,600,"jv",10,TRUE,FALSE,TRUE,"double",6,3,0,3.74271275257724e-17,-3.74271275257724e-17
"integer",200,200,"hungarian",1,TRUE,TRUE,TRUE,"exact",0,0,0,0,0
"integer",200,200,"hungarian",2,TRUE,TRUE,TRUE,"exact",0,0,0,0,0
"integer",200,200,"hungarian",3,TRUE,TRUE,TRUE,"exact",0,0,0,0,0
"integer",200,200,"hungarian",4,TRUE,TRUE,TRUE,"exact",0,0,0,0,0
"integer",200,200,"hungarian",5,TRUE,TRUE,TRUE,"exact",0,0,0,0,0
"integer",200,200,"hungarian",6,TRUE,TRUE,TRUE,"exact",0,0,0,0,0
"integer",200,200,"hungarian",7,TRUE,TRUE,TRUE,"exact",0,0,0,0,0
"integer",200,200,"hungarian",8,TRUE,TRUE,TRUE,"exact",0,0,0,0,0
"integer",200,200,"hungarian",9,TRUE,TRUE,TRUE,"exact",0,0,0,0,0
"integer",200,200,"hungarian",10,TRUE,TRUE,TRUE,"exact",0,0,0,0,0
"uniform",200,200,"hungarian",1,TRUE,TRUE,TRUE,"exact",0,0,0,0,0
"uniform",200,200,"hungarian",2,TRUE,TRUE,TRUE,"exact",0,0,0,0,0
"uniform",200,200,"hungarian",3,TRUE,TRUE,TRUE,"exact",0,0,0,0,0
"uniform",200,200,"hungarian",4,TRUE,TRUE,TRUE,"exact",0,0,0,0,0
"uniform",200,200,"hungarian",5,TRUE,TRUE,TRUE,"exact",0,0,0,0,0
"uniform",200,200,"hungarian",6,TRUE,TRUE,TRUE,"exact",0,0,0,0,0
"uniform",200,200,"hungarian",7,TRUE,TRUE,TRUE,"exact",0,0,0,0,0
"uniform",200,200,"hungarian",8,TRUE,TRUE,TRUE,"exact",0,0,0,0,0
"uniform",200,200,"hungarian",9,TRUE,TRUE,TRUE,"exact",0,0,0,0,0
"uniform",200,200,"hungarian",10,TRUE,TRUE,TRUE,"exact",0,0,0,0,0
"integer",200,200,"auction",1,TRUE,TRUE,TRUE,"exact",0,0,0,0,0
"integer",200,200,"auction",2,TRUE,TRUE,TRUE,"exact",0,0,0,0,0
"integer",200,200,"auction",3,TRUE,TRUE,TRUE,"exact",0,0,0,0,0
"integer",200,200,"auction",4,TRUE,TRUE,TRUE,"exact",0,0,0,0,0
"integer",200,200,"auction",5,TRUE,TRUE,TRUE,"exact",0,0,0,0,0
"integer",200,200,"auction",6,TRUE,TRUE,TRUE,"exact",0,0,0,0,0
"integer",200,200,"auction",7,TRUE,TRUE,TRUE,"exact",0,0,0,0,0
"integer",200,200,"auction",8,TRUE,TRUE,TRUE,"exact",0,0,0,0,0
"integer",200,200,"auction",9,TRUE,TRUE,TRUE,"exact",0,0,0,0,0
"integer",200,200,"auction",10,TRUE,TRUE,TRUE,"exact",0,0,0,0,0
"uniform",200,200,"auction",1,TRUE,TRUE,TRUE,"exact",0,0,0,0,0
"uniform",200,200,"auction",2,TRUE,TRUE,TRUE,"exact",0,0,0,0,0
"uniform",200,200,"auction",3,TRUE,TRUE,TRUE,"exact",0,0,0,0,0
"uniform",200,200,"auction",4,TRUE,TRUE,TRUE,"exact",0,0,0,0,0
"uniform",200,200,"auction",5,TRUE,TRUE,TRUE,"exact",0,0,0,0,0
"uniform",200,200,"auction",6,TRUE,TRUE,TRUE,"exact",0,0,0,0,0
"uniform",200,200,"auction",7,TRUE,TRUE,TRUE,"exact",0,0,0,0,0
"uniform",200,200,"auction",8,TRUE,TRUE,TRUE,"exact",0,0,0,0,0
"uniform",200,200,"auction",9,TRUE,TRUE,TRUE,"exact",0,0,0,0,0
"uniform",200,200,"auction",10,TRUE,TRUE,TRUE,"exact",0,0,0,0,0
"integer",200,200,"auction_scaled",1,TRUE,TRUE,TRUE,"exact",0,0,0,0,0
"integer",200,200,"auction_scaled",2,TRUE,TRUE,TRUE,"exact",0,0,0,0,0
"integer",200,200,"auction_scaled",3,TRUE,TRUE,TRUE,"exact",0,0,0,0,0
"integer",200,200,"auction_scaled",4,TRUE,TRUE,TRUE,"exact",0,0,0,0,0
"integer",200,200,"auction_scaled",5,TRUE,TRUE,TRUE,"exact",0,0,0,0,0
"integer",200,200,"auction_scaled",6,TRUE,TRUE,TRUE,"exact",0,0,0,0,0
"integer",200,200,"auction_scaled",7,TRUE,TRUE,TRUE,"exact",0,0,0,0,0
"integer",200,200,"auction_scaled",8,TRUE,TRUE,TRUE,"exact",0,0,0,0,0
"integer",200,200,"auction_scaled",9,TRUE,TRUE,TRUE,"exact",0,0,0,0,0
"integer",200,200,"auction_scaled",10,TRUE,TRUE,TRUE,"exact",0,0,0,0,0
"uniform",200,200,"auction_scaled",1,TRUE,TRUE,TRUE,"exact",0,0,0,0,0
"uniform",200,200,"auction_scaled",2,TRUE,TRUE,TRUE,"exact",0,0,0,0,0
"uniform",200,200,"auction_scaled",3,TRUE,TRUE,TRUE,"exact",0,0,0,0,0
"uniform",200,200,"auction_scaled",4,TRUE,TRUE,TRUE,"exact",0,0,0,0,0
"uniform",200,200,"auction_scaled",5,TRUE,TRUE,TRUE,"exact",0,0,0,0,0
"uniform",200,200,"auction_scaled",6,TRUE,TRUE,TRUE,"exact",0,0,0,0,0
"uniform",200,200,"auction_scaled",7,TRUE,TRUE,TRUE,"exact",0,0,0,0,0
"uniform",200,200,"auction_scaled",8,TRUE,TRUE,TRUE,"exact",0,0,0,0,0
"uniform",200,200,"auction_scaled",9,TRUE,TRUE,TRUE,"exact",0,0,0,0,0
"uniform",200,200,"auction_scaled",10,TRUE,TRUE,TRUE,"exact",0,0,0,0,0
"integer",200,200,"sap",1,TRUE,TRUE,TRUE,"exact",0,0,0,0,0
"integer",200,200,"sap",2,TRUE,TRUE,TRUE,"exact",0,0,0,0,0
"integer",200,200,"sap",3,TRUE,TRUE,TRUE,"exact",0,0,0,0,0
"integer",200,200,"sap",4,TRUE,TRUE,TRUE,"exact",0,0,0,0,0
"integer",200,200,"sap",5,TRUE,TRUE,TRUE,"exact",0,0,0,0,0
"integer",200,200,"sap",6,TRUE,TRUE,TRUE,"exact",0,0,0,0,0
"integer",200,200,"sap",7,TRUE,TRUE,TRUE,"exact",0,0,0,0,0
"integer",200,200,"sap",8,TRUE,TRUE,TRUE,"exact",0,0,0,0,0
"integer",200,200,"sap",9,TRUE,TRUE,TRUE,"exact",0,0,0,0,0
"integer",200,200,"sap",10,TRUE,TRUE,TRUE,"exact",0,0,0,0,0
"uniform",200,200,"sap",1,TRUE,TRUE,TRUE,"exact",0,0,0,0,0
"uniform",200,200,"sap",2,TRUE,TRUE,TRUE,"exact",0,0,0,0,0
"uniform",200,200,"sap",3,TRUE,TRUE,TRUE,"exact",0,0,0,0,0
"uniform",200,200,"sap",4,TRUE,TRUE,TRUE,"exact",0,0,0,0,0
"uniform",200,200,"sap",5,TRUE,TRUE,TRUE,"exact",0,0,0,0,0
"uniform",200,200,"sap",6,TRUE,TRUE,TRUE,"exact",0,0,0,0,0
"uniform",200,200,"sap",7,TRUE,TRUE,TRUE,"exact",0,0,0,0,0
"uniform",200,200,"sap",8,TRUE,TRUE,TRUE,"exact",0,0,0,0,0
"uniform",200,200,"sap",9,TRUE,TRUE,TRUE,"exact",0,0,0,0,0
"uniform",200,200,"sap",10,TRUE,TRUE,TRUE,"exact",0,0,0,0,0
"integer",200,200,"sap_dense",1,TRUE,TRUE,TRUE,"exact",0,0,0,0,0
"integer",200,200,"sap_dense",2,TRUE,TRUE,TRUE,"exact",0,0,0,0,0
"integer",200,200,"sap_dense",3,TRUE,TRUE,TRUE,"exact",0,0,0,0,0
"integer",200,200,"sap_dense",4,TRUE,TRUE,TRUE,"exact",0,0,0,0,0
"integer",200,200,"sap_dense",5,TRUE,TRUE,TRUE,"exact",0,0,0,0,0
"integer",200,200,"sap_dense",6,TRUE,TRUE,TRUE,"exact",0,0,0,0,0
"integer",200,200,"sap_dense",7,TRUE,TRUE,TRUE,"exact",0,0,0,0,0
"integer",200,200,"sap_dense",8,TRUE,TRUE,TRUE,"exact",0,0,0,0,0
"integer",200,200,"sap_dense",9,TRUE,TRUE,TRUE,"exact",0,0,0,0,0
"integer",200,200,"sap_dense",10,TRUE,TRUE,TRUE,"exact",0,0,0,0,0
"uniform",200,200,"sap_dense",1,TRUE,TRUE,TRUE,"exact",0,0,0,0,0
"uniform",200,200,"sap_dense",2,TRUE,TRUE,TRUE,"exact",0,0,0,0,0
"uniform",200,200,"sap_dense",3,TRUE,TRUE,TRUE,"exact",0,0,0,0,0
"uniform",200,200,"sap_dense",4,TRUE,TRUE,TRUE,"exact",0,0,0,0,0
"uniform",200,200,"sap_dense",5,TRUE,TRUE,TRUE,"exact",0,0,0,0,0
"uniform",200,200,"sap_dense",6,TRUE,TRUE,TRUE,"exact",0,0,0,0,0
"uniform",200,200,"sap_dense",7,TRUE,TRUE,TRUE,"exact",0,0,0,0,0
"uniform",200,200,"sap_dense",8,TRUE,TRUE,TRUE,"exact",0,0,0,0,0
"uniform",200,200,"sap_dense",9,TRUE,TRUE,TRUE,"exact",0,0,0,0,0
"uniform",200,200,"sap_dense",10,TRUE,TRUE,TRUE,"exact",0,0,0,0,0
"integer",200,200,"csa",1,TRUE,TRUE,TRUE,"exact",0,0,0,0,0
"integer",200,200,"csa",2,TRUE,TRUE,TRUE,"exact",0,0,0,0,0
"integer",200,200,"csa",3,TRUE,TRUE,TRUE,"exact",0,0,0,0,0
"integer",200,200,"csa",4,TRUE,TRUE,TRUE,"exact",0,0,0,0,0
"integer",200,200,"csa",5,TRUE,TRUE,TRUE,"exact",0,0,0,0,0
"integer",200,200,"csa",6,TRUE,TRUE,TRUE,"exact",0,0,0,0,0
"integer",200,200,"csa",7,TRUE,TRUE,TRUE,"exact",0,0,0,0,0
"integer",200,200,"csa",8,TRUE,TRUE,TRUE,"exact",0,0,0,0,0
"integer",200,200,"csa",9,TRUE,TRUE,TRUE,"exact",0,0,0,0,0
"integer",200,200,"csa",10,TRUE,TRUE,TRUE,"exact",0,0,0,0,0
"uniform",200,200,"csa",1,TRUE,TRUE,TRUE,"exact",0,0,0,0,0
"uniform",200,200,"csa",2,TRUE,TRUE,TRUE,"exact",0,0,0,0,0
"uniform",200,200,"csa",3,TRUE,TRUE,TRUE,"exact",0,0,0,0,0
"uniform",200,200,"csa",4,TRUE,TRUE,TRUE,"exact",0,0,0,0,0
"uniform",200,200,"csa",5,TRUE,TRUE,TRUE,"exact",0,0,0,0,0
"uniform",200,200,"csa",6,TRUE,TRUE,TRUE,"exact",0,0,0,0,0
"uniform",200,200,"csa",7,TRUE,TRUE,TRUE,"exact",0,0,0,0,0
"uniform",200,200,"csa",8,TRUE,TRUE,TRUE,"exact",0,0,0,0,0
"uniform",200,200,"csa",9,TRUE,TRUE,TRUE,"exact",0,0,0,0,0
"uniform",200,200,"csa",10,TRUE,TRUE,TRUE,"exact",0,0,0,0,0
"integer",200,200,"gabow_tarjan",1,TRUE,TRUE,TRUE,"exact",0,0,0,0,0
"integer",200,200,"gabow_tarjan",2,TRUE,TRUE,TRUE,"exact",0,0,0,0,0
"integer",200,200,"gabow_tarjan",3,TRUE,TRUE,TRUE,"exact",0,0,0,0,0
"integer",200,200,"gabow_tarjan",4,TRUE,TRUE,TRUE,"exact",0,0,0,0,0
"integer",200,200,"gabow_tarjan",5,TRUE,TRUE,TRUE,"exact",0,0,0,0,0
"integer",200,200,"gabow_tarjan",6,TRUE,TRUE,TRUE,"exact",0,0,0,0,0
"integer",200,200,"gabow_tarjan",7,TRUE,TRUE,TRUE,"exact",0,0,0,0,0
"integer",200,200,"gabow_tarjan",8,TRUE,TRUE,TRUE,"exact",0,0,0,0,0
"integer",200,200,"gabow_tarjan",9,TRUE,TRUE,TRUE,"exact",0,0,0,0,0
"integer",200,200,"gabow_tarjan",10,TRUE,TRUE,TRUE,"exact",0,0,0,0,0
"uniform",200,200,"gabow_tarjan",1,TRUE,TRUE,TRUE,"exact",0,0,0,0,0
"uniform",200,200,"gabow_tarjan",2,TRUE,TRUE,TRUE,"exact",0,0,0,0,0
"uniform",200,200,"gabow_tarjan",3,TRUE,TRUE,TRUE,"exact",0,0,0,0,0
"uniform",200,200,"gabow_tarjan",4,TRUE,TRUE,TRUE,"exact",0,0,0,0,0
"uniform",200,200,"gabow_tarjan",5,TRUE,TRUE,TRUE,"exact",0,0,0,0,0
"uniform",200,200,"gabow_tarjan",6,TRUE,TRUE,TRUE,"exact",0,0,0,0,0
"uniform",200,200,"gabow_tarjan",7,TRUE,TRUE,TRUE,"exact",0,0,0,0,0
"uniform",200,200,"gabow_tarjan",8,TRUE,TRUE,TRUE,"exact",0,0,0,0,0
"uniform",200,200,"gabow_tarjan",9,TRUE,TRUE,TRUE,"exact",0,0,0,0,0
"uniform",200,200,"gabow_tarjan",10,TRUE,TRUE,TRUE,"exact",0,0,0,0,0
"integer",200,200,"lapmod",1,TRUE,TRUE,TRUE,"exact",0,0,0,0,0
"integer",200,200,"lapmod",2,TRUE,TRUE,TRUE,"exact",0,0,0,0,0
"integer",200,200,"lapmod",3,TRUE,TRUE,TRUE,"exact",0,0,0,0,0
"integer",200,200,"lapmod",4,TRUE,TRUE,TRUE,"exact",0,0,0,0,0
"integer",200,200,"lapmod",5,TRUE,TRUE,TRUE,"exact",0,0,0,0,0
"integer",200,200,"lapmod",6,TRUE,TRUE,TRUE,"exact",0,0,0,0,0
"integer",200,200,"lapmod",7,TRUE,TRUE,TRUE,"exact",0,0,0,0,0
"integer",200,200,"lapmod",8,TRUE,TRUE,TRUE,"exact",0,0,0,0,0
"integer",200,200,"lapmod",9,TRUE,TRUE,TRUE,"exact",0,0,0,0,0
"integer",200,200,"lapmod",10,TRUE,TRUE,TRUE,"exact",0,0,0,0,0
"uniform",200,200,"lapmod",1,TRUE,TRUE,TRUE,"exact",0,0,0,0,0
"uniform",200,200,"lapmod",2,TRUE,TRUE,TRUE,"exact",0,0,0,0,0
"uniform",200,200,"lapmod",3,TRUE,TRUE,TRUE,"exact",0,0,0,0,0
"uniform",200,200,"lapmod",4,TRUE,TRUE,TRUE,"exact",0,0,0,0,0
"uniform",200,200,"lapmod",5,TRUE,TRUE,TRUE,"exact",0,0,0,0,0
"uniform",200,200,"lapmod",6,TRUE,TRUE,TRUE,"exact",0,0,0,0,0
"uniform",200,200,"lapmod",7,TRUE,TRUE,TRUE,"exact",0,0,0,0,0
"uniform",200,200,"lapmod",8,TRUE,TRUE,TRUE,"exact",0,0,0,0,0
"uniform",200,200,"lapmod",9,TRUE,TRUE,TRUE,"exact",0,0,0,0,0
"uniform",200,200,"lapmod",10,TRUE,TRUE,TRUE,"exact",0,0,0,0,0
"integer",200,200,"push_relabel",1,TRUE,TRUE,TRUE,"exact",0,0,0,0,0
"integer",200,200,"push_relabel",2,TRUE,TRUE,TRUE,"exact",0,0,0,0,0
"integer",200,200,"push_relabel",3,TRUE,TRUE,TRUE,"exact",0,0,0,0,0
"integer",200,200,"push_relabel",4,TRUE,TRUE,TRUE,"exact",0,0,0,0,0
"integer",200,200,"push_relabel",5,TRUE,TRUE,TRUE,"exact",0,0,0,0,0
"integer",200,200,"push_relabel",6,TRUE,TRUE,TRUE,"exact",0,0,0,0,0
"integer",200,200,"push_relabel",7,TRUE,TRUE,TRUE,"exact",0,0,0,0,0
"integer",200,200,"push_relabel",8,TRUE,TRUE,TRUE,"exact",0,0,0,0,0
"integer",200,200,"push_relabel",9,TRUE,TRUE,TRUE,"exact",0,0,0,0,0
"integer",200,200,"push_relabel",10,TRUE,TRUE,TRUE,"exact",0,0,0,0,0
"uniform",200,200,"push_relabel",1,TRUE,TRUE,TRUE,"exact",0,0,0,0,0
"uniform",200,200,"push_relabel",2,TRUE,TRUE,TRUE,"exact",0,0,0,0,0
"uniform",200,200,"push_relabel",3,TRUE,TRUE,TRUE,"exact",0,0,0,0,0
"uniform",200,200,"push_relabel",4,TRUE,TRUE,TRUE,"exact",0,0,0,0,0
"uniform",200,200,"push_relabel",5,TRUE,TRUE,TRUE,"exact",0,0,0,0,0
"uniform",200,200,"push_relabel",6,TRUE,TRUE,TRUE,"exact",0,0,0,0,0
"uniform",200,200,"push_relabel",7,TRUE,TRUE,TRUE,"exact",0,0,0,0,0
"uniform",200,200,"push_relabel",8,TRUE,TRUE,TRUE,"exact",0,0,0,0,0
"uniform",200,200,"push_relabel",9,TRUE,TRUE,TRUE,"exact",0,0,0,0,0
"uniform",200,200,"push_relabel",10,TRUE,TRUE,TRUE,"exact",0,0,0,0,0
"integer",200,200,"network_simplex",1,TRUE,TRUE,TRUE,"exact",0,0,0,0,0
"integer",200,200,"network_simplex",2,TRUE,TRUE,TRUE,"exact",0,0,0,0,0
"integer",200,200,"network_simplex",3,TRUE,TRUE,TRUE,"exact",0,0,0,0,0
"integer",200,200,"network_simplex",4,TRUE,TRUE,TRUE,"exact",0,0,0,0,0
"integer",200,200,"network_simplex",5,TRUE,TRUE,TRUE,"exact",0,0,0,0,0
"integer",200,200,"network_simplex",6,TRUE,TRUE,TRUE,"exact",0,0,0,0,0
"integer",200,200,"network_simplex",7,TRUE,TRUE,TRUE,"exact",0,0,0,0,0
"integer",200,200,"network_simplex",8,TRUE,TRUE,TRUE,"exact",0,0,0,0,0
"integer",200,200,"network_simplex",9,TRUE,TRUE,TRUE,"exact",0,0,0,0,0
"integer",200,200,"network_simplex",10,TRUE,TRUE,TRUE,"exact",0,0,0,0,0
"uniform",200,200,"network_simplex",1,TRUE,TRUE,TRUE,"exact",0,0,0,0,0
"uniform",200,200,"network_simplex",2,TRUE,TRUE,TRUE,"exact",0,0,0,0,0
"uniform",200,200,"network_simplex",3,TRUE,TRUE,TRUE,"exact",0,0,0,0,0
"uniform",200,200,"network_simplex",4,TRUE,TRUE,TRUE,"exact",0,0,0,0,0
"uniform",200,200,"network_simplex",5,TRUE,TRUE,TRUE,"exact",0,0,0,0,0
"uniform",200,200,"network_simplex",6,TRUE,TRUE,TRUE,"exact",0,0,0,0,0
"uniform",200,200,"network_simplex",7,TRUE,TRUE,TRUE,"exact",0,0,0,0,0
"uniform",200,200,"network_simplex",8,TRUE,TRUE,TRUE,"exact",0,0,0,0,0
"uniform",200,200,"network_simplex",9,TRUE,TRUE,TRUE,"exact",0,0,0,0,0
"uniform",200,200,"network_simplex",10,TRUE,TRUE,TRUE,"exact",0,0,0,0,0
