"kind","n","m","method","instances","exact_available","exact_certificate","certified_optimal","slack_rel_min","slack_rel_max"
"distance",50,50,"jv",10,10,0,10,3.58169826087763e-17,4.48744913113096e-16
"distance",200,200,"jv",10,10,0,10,5.04841062516946e-16,1.94005400970315e-15
"distance",200,600,"jv",10,10,0,10,1.87858743828081e-17,1.1384766562172e-16
"distance",800,800,"jv",10,10,0,10,3.07547300137808e-15,7.69473444314803e-15
"integer",50,50,"jv",10,10,10,10,NA,NA
"integer",200,200,"jv",10,10,10,10,NA,NA
"integer",200,600,"jv",10,10,10,10,NA,NA
"integer",800,800,"jv",10,10,10,10,NA,NA
"uniform",50,50,"jv",10,10,10,10,NA,NA
"uniform",200,200,"jv",10,10,10,10,NA,NA
"uniform",200,600,"jv",10,10,10,10,NA,NA
"uniform",800,800,"jv",10,10,10,10,NA,NA
"integer",200,200,"auction",10,10,10,10,NA,NA
"uniform",200,200,"auction",10,10,10,10,NA,NA
"integer",200,200,"auction_scaled",10,10,10,10,NA,NA
"uniform",200,200,"auction_scaled",10,10,10,10,NA,NA
"integer",200,200,"csa",10,10,10,10,NA,NA
"uniform",200,200,"csa",10,10,10,10,NA,NA
"integer",200,200,"gabow_tarjan",10,10,10,10,NA,NA
"uniform",200,200,"gabow_tarjan",10,10,10,10,NA,NA
"integer",200,200,"hungarian",10,10,10,10,NA,NA
"uniform",200,200,"hungarian",10,10,10,10,NA,NA
"integer",200,200,"lapmod",10,10,10,10,NA,NA
"uniform",200,200,"lapmod",10,10,10,10,NA,NA
"integer",200,200,"network_simplex",10,10,10,10,NA,NA
"uniform",200,200,"network_simplex",10,10,10,10,NA,NA
"integer",200,200,"push_relabel",10,10,10,10,NA,NA
"uniform",200,200,"push_relabel",10,10,10,10,NA,NA
"integer",200,200,"sap",10,10,10,10,NA,NA
"uniform",200,200,"sap",10,10,10,10,NA,NA
"integer",200,200,"sap_dense",10,10,10,10,NA,NA
"uniform",200,200,"sap_dense",10,10,10,10,NA,NA
